series,paa,alphabet,k,silhouette,ari,nClusters,clustersGE50,maxAbsDeltaP,bhSignificant,bestClusterN,bestClusterDeltaP,elapsedMs
levels,60,6,4,0.0592,0.4568,4,4,0.0286,0,427,-0.0286,973
levels,200,8,4,0.0353,0.4669,4,4,0.0220,0,326,0.0220,1985
levels,200,10,4,0.0560,0.4233,4,4,0.0469,0,297,0.0469,1968
levels,120,8,4,0.0459,0.3744,4,4,0.0279,0,164,0.0279,1282
levels,60,8,4,0.0468,0.3380,4,4,0.0188,0,541,-0.0188,793
levels,200,6,4,0.0545,0.2885,4,4,0.0240,0,383,0.0240,1972
levels,120,10,4,0.0315,0.3001,4,4,0.0160,0,477,-0.0160,1329
levels,60,10,4,0.0494,0.2546,4,4,0.0258,0,555,-0.0258,835
levels,120,6,12,0.0417,0.2335,12,10,0.0642,0,126,-0.0642,1413
levels,60,8,8,0.0246,0.2402,8,8,0.0801,0,154,-0.0801,865
levels,120,6,4,0.0591,0.2011,4,4,0.0268,0,353,0.0268,1605
levels,200,6,8,0.0208,0.2248,8,8,0.0487,0,183,0.0487,2006
returns,120,8,12,0.0233,0.2217,12,1,0.0057,0,1604,0.0057,1487
returns,120,10,12,0.0369,0.2067,12,2,0.0185,0,51,-0.0185,1491
levels,120,10,8,0.0150,0.2239,8,8,0.0617,0,179,-0.0617,1282
returns,120,10,16,0.0275,0.2062,16,2,0.0486,0,50,-0.0486,1459
levels,120,10,12,0.0245,0.2008,12,11,0.1450,0,88,-0.1450,1304
levels,60,6,8,0.0348,0.1893,8,8,0.0378,0,274,-0.0378,841
levels,120,6,16,-0.0007,0.2245,16,12,0.0788,0,114,-0.0788,1403
levels,200,8,8,0.0258,0.1927,8,8,0.0569,0,145,0.0569,1968
levels,60,10,8,0.0261,0.1908,8,8,0.0416,0,167,-0.0416,803
levels,120,6,8,0.0513,0.1647,8,8,0.0411,0,154,-0.0411,1446
levels,200,8,12,0.0210,0.1923,12,12,0.1199,0,70,0.1199,1991
levels,60,8,12,0.0235,0.1894,12,11,0.0806,0,56,0.0806,799
levels,200,6,16,0.0022,0.2103,16,13,0.1402,0,57,-0.1402,2077
levels,200,6,12,0.0499,0.1580,12,11,0.1108,0,93,-0.1108,2062
levels,120,8,8,0.0210,0.1860,8,8,0.0541,0,77,-0.0541,1336
levels,60,6,16,0.0094,0.1937,16,15,0.1872,0,84,-0.1872,880
levels,200,8,16,0.0462,0.1560,16,11,0.1210,0,54,0.1210,2115
returns,60,10,4,0.0272,0.1746,4,4,0.0381,0,353,0.0381,676
levels,60,6,12,0.0110,0.1899,12,12,0.1249,0,131,0.1249,795
levels,120,8,12,0.0080,0.1922,12,11,0.0881,0,62,0.0881,1333
levels,200,10,8,0.0181,0.1820,8,8,0.0546,0,174,-0.0546,1971
returns,120,10,4,0.0526,0.1446,4,3,0.0385,0,53,0.0385,1398
returns,120,8,16,0.0248,0.1607,16,1,0.0046,0,1591,-0.0046,1498
returns,120,6,12,0.0077,0.1752,12,2,0.0668,0,86,-0.0668,1733
levels,200,10,16,0.0158,0.1611,16,15,0.1211,0,80,-0.1211,1949
levels,120,10,16,0.0182,0.1582,16,13,0.0944,0,131,0.0944,1342
returns,200,10,16,0.0216,0.1540,16,1,0.0008,0,1796,0.0008,2690
returns,60,10,8,0.0044,0.1686,8,8,0.0753,0,137,0.0753,740
returns,200,10,4,0.1212,0.0344,4,1,0.0012,0,1832,0.0012,2460
returns,120,10,8,0.0455,0.1042,8,1,0.0023,0,1646,0.0023,1377
levels,60,8,16,0.0107,0.1357,16,13,0.0660,0,268,0.0660,828
returns,120,8,4,0.0449,0.1012,4,3,0.0561,0,137,-0.0561,1429
levels,200,10,12,0.0085,0.1348,12,12,0.1497,0,78,-0.1497,1928
levels,60,10,12,0.0156,0.1207,12,11,0.0651,0,124,-0.0651,848
levels,120,8,16,0.0038,0.1310,16,13,0.1024,0,64,-0.1024,1430
returns,60,10,12,-0.0018,0.1315,12,12,0.0801,0,70,-0.0801,742
returns,60,6,8,-0.0032,0.1262,8,8,0.0572,0,129,0.0572,826
returns,60,10,16,-0.0017,0.1221,16,13,0.0974,0,66,0.0974,695
returns,60,6,12,-0.0017,0.1198,12,12,0.1055,0,129,-0.1055,863
levels,60,10,16,0.0056,0.1096,16,14,0.1268,0,110,-0.1268,874
returns,200,10,8,0.0351,0.0787,8,1,0.0007,0,1825,-0.0007,2414
returns,200,8,4,0.1069,0.0057,4,1,0.0011,0,1840,0.0011,2654
returns,200,10,12,-0.0314,0.1395,12,1,0.0004,0,1812,-0.0004,2512
returns,120,8,8,0.0037,0.1035,8,3,0.0208,0,187,0.0208,1467
returns,200,6,16,-0.0007,0.1015,16,1,0.0017,0,1807,-0.0017,2747
returns,120,6,8,0.0088,0.0902,8,4,0.0868,0,64,-0.0868,1534
returns,60,8,4,0.0102,0.0877,4,4,0.0590,0,229,0.0590,701
returns,200,8,12,0.0305,0.0647,12,1,0.0007,0,1822,0.0007,2640
returns,200,6,12,0.0028,0.0897,12,1,0.0002,0,1804,0.0002,2880
returns,60,8,8,0.0087,0.0803,8,8,0.0454,0,148,0.0454,740
returns,60,8,16,0.0003,0.0849,16,12,0.1111,0,83,-0.1111,815
returns,200,8,16,0.0083,0.0744,16,1,0.0007,0,1815,-0.0007,2593
returns,120,6,16,0.0142,0.0599,16,1,0.0009,0,1521,0.0009,1747
returns,120,6,4,-0.0033,0.0745,4,4,0.0528,0,171,0.0528,1639
returns,60,6,16,-0.0059,0.0743,16,16,0.0914,0,95,0.0914,837
returns,60,6,4,0.0066,0.0556,4,4,0.0354,0,250,0.0354,838
returns,60,8,12,0.0024,0.0513,12,12,0.1586,0,80,-0.1586,746
returns,200,6,4,0.0246,0.0090,4,2,0.0026,0,133,0.0026,2716
returns,200,6,8,0.0073,0.0138,8,2,0.0004,0,165,0.0004,2833
returns,200,8,8,-0.0051,0.0236,8,2,0.0110,0,217,-0.0110,2537