id,eventSlug,outcome,fillPrice,size,cost,status,pnl,win,runLen,posInRun,inWinStreak2,entryParis,weekday,hour
btc-updown-15m-1790402400:Down:cheap-0.68:1790402600061,btc-updown-15m-1790402400,Down,0.68,5.0,3.4,won,1.6,1,2,1,True,2026-09-26 08:03:20,Sam,8
btc-updown-15m-1790403300:Up:cheap-0.67:1790403761257,btc-updown-15m-1790403300,Up,0.67,5.0,3.35,won,1.65,1,2,2,True,2026-09-26 08:22:41,Sam,8
btc-updown-15m-1790404200:Up:cheap-0.68:1790404405869,btc-updown-15m-1790404200,Up,0.68,5.0,3.4,lost,-3.4,0,2,1,False,2026-09-26 08:33:25,Sam,8
btc-updown-15m-1790405100:Up:cheap-0.67:1790405342262,btc-updown-15m-1790405100,Up,0.67,5.0,3.35,lost,-3.35,0,2,2,False,2026-09-26 08:49:02,Sam,8
btc-updown-15m-1790406000:Up:cheap-0.75:1790406200927,btc-updown-15m-1790406000,Up,0.75,5.0,3.75,won,1.25,1,5,1,True,2026-09-26 09:03:20,Sam,9
btc-updown-15m-1790406900:Up:cheap-0.68:1790407471532,btc-updown-15m-1790406900,Up,0.68,5.0,3.4,won,1.6,1,5,2,True,2026-09-26 09:24:31,Sam,9
btc-updown-15m-1790407800:Up:cheap-0.68:1790408319256,btc-updown-15m-1790407800,Up,0.68,5.0,3.4,won,1.6,1,5,3,True,2026-09-26 09:38:39,Sam,9
btc-updown-15m-1790408700:Up:cheap-0.72:1790408902623,btc-updown-15m-1790408700,Up,0.72,5.0,3.6,won,1.4,1,5,4,True,2026-09-26 09:48:22,Sam,9
btc-updown-15m-1790409600:Down:cheap-0.76:1790409802926,btc-updown-15m-1790409600,Down,0.76,5.0,3.8,won,1.2,1,5,5,True,2026-09-26 10:03:22,Sam,10
btc-updown-15m-1790410500:Down:cheap-0.68:1790410913633,btc-updown-15m-1790410500,Down,0.68,5.0,3.4,lost,-3.4,0,2,1,False,2026-09-26 10:21:53,Sam,10
btc-updown-15m-1790415900:Up:cheap-0.72:1790416501652,btc-updown-15m-1790415900,Up,0.72,5.0,3.6,lost,-3.6,0,2,2,False,2026-09-26 11:55:01,Sam,11
btc-updown-15m-1790417700:Up:cheap-0.69:1790418167942,btc-updown-15m-1790417700,Up,0.69,5.0,3.45,won,1.55,1,1,1,False,2026-09-26 12:22:47,Sam,12
btc-updown-15m-1790418600:Down:cheap-0.68:1790419088368,btc-updown-15m-1790418600,Down,0.68,5.0,3.4,lost,-3.4,0,1,1,False,2026-09-26 12:38:08,Sam,12
btc-updown-15m-1790419500:Up:cheap-0.73:1790419862380,btc-updown-15m-1790419500,Up,0.73,5.0,3.65,won,1.35,1,1,1,False,2026-09-26 12:51:02,Sam,12
btc-updown-15m-1790420400:Down:cheap-0.74:1790420790103,btc-updown-15m-1790420400,Down,0.74,5.0,3.7,lost,-3.7,0,1,1,False,2026-09-26 13:06:30,Sam,13
btc-updown-15m-1790421300:Down:cheap-0.75:1790422031032,btc-updown-15m-1790421300,Down,0.75,5.0,3.75,won,1.25,1,2,1,True,2026-09-26 13:27:11,Sam,13
btc-updown-15m-1790422200:Up:cheap-0.72:1790422536072,btc-updown-15m-1790422200,Up,0.72,5.0,3.6,won,1.4,1,2,2,True,2026-09-26 13:35:36,Sam,13
btc-updown-15m-1790423100:Up:cheap-0.69:1790423403516,btc-updown-15m-1790423100,Up,0.69,5.0,3.45,lost,-3.45,0,1,1,False,2026-09-26 13:50:03,Sam,13
btc-updown-15m-1790424000:Down:cheap-0.73:1790424350014,btc-updown-15m-1790424000,Down,0.73,5.0,3.65,won,1.35,1,1,1,False,2026-09-26 14:05:50,Sam,14
btc-updown-15m-1790424900:Up:cheap-0.7:1790425198618,btc-updown-15m-1790424900,Up,0.7,5.0,3.5,lost,-3.5,0,2,1,False,2026-09-26 14:19:58,Sam,14
btc-updown-15m-1790425800:Up:cheap-0.7:1790426023154,btc-updown-15m-1790425800,Up,0.7,5.0,3.5,lost,-3.5,0,2,2,False,2026-09-26 14:33:43,Sam,14
btc-updown-15m-1790426700:Up:cheap-0.69:1790426900843,btc-updown-15m-1790426700,Up,0.69,5.0,3.45,won,1.55,1,1,1,False,2026-09-26 14:48:20,Sam,14
btc-updown-15m-1790427600:Up:cheap-0.76:1790428119469,btc-updown-15m-1790427600,Up,0.76,5.0,3.8,lost,-3.8,0,1,1,False,2026-09-26 15:08:39,Sam,15
btc-updown-15m-1790428500:Down:cheap-0.73:1790428967487,btc-updown-15m-1790428500,Down,0.73,5.0,3.65,won,1.35,1,9,1,True,2026-09-26 15:22:47,Sam,15
btc-updown-15m-1790429400:Up:cheap-0.67:1790429906159,btc-updown-15m-1790429400,Up,0.67,5.0,3.35,won,1.65,1,9,2,True,2026-09-26 15:38:26,Sam,15
btc-updown-15m-1790430300:Up:cheap-0.68:1790430819842,btc-updown-15m-1790430300,Up,0.68,5.0,3.4,won,1.6,1,9,3,True,2026-09-26 15:53:39,Sam,15
btc-updown-15m-1790431200:Up:cheap-0.69:1790431739744,btc-updown-15m-1790431200,Up,0.69,5.0,3.45,won,1.55,1,9,4,True,2026-09-26 16:08:59,Sam,16
btc-updown-15m-1790432100:Up:cheap-0.73:1790432637007,btc-updown-15m-1790432100,Up,0.73,5.0,3.65,won,1.35,1,9,5,True,2026-09-26 16:23:57,Sam,16
btc-updown-15m-1790433000:Up:cheap-0.76:1790433296602,btc-updown-15m-1790433000,Up,0.76,5.0,3.8,won,1.2,1,9,6,True,2026-09-26 16:34:56,Sam,16
btc-updown-15m-1790433900:Up:cheap-0.67:1790434212100,btc-updown-15m-1790433900,Up,0.67,5.0,3.35,won,1.65,1,9,7,True,2026-09-26 16:50:12,Sam,16
btc-updown-15m-1790434800:Up:cheap-0.68:1790435089467,btc-updown-15m-1790434800,Up,0.68,5.0,3.4,won,1.6,1,9,8,True,2026-09-26 17:04:49,Sam,17
btc-updown-15m-1790435700:Up:cheap-0.67:1790436039941,btc-updown-15m-1790435700,Up,0.67,5.0,3.35,won,1.65,1,9,9,True,2026-09-26 17:20:39,Sam,17
btc-updown-15m-1790505900:Down:cheap-0.67:1790506244750,btc-updown-15m-1790505900,Down,0.67,5.0,3.35,lost,-3.35,0,1,1,False,2026-09-27 12:50:44,Dim,12
btc-updown-15m-1790514000:Down:cheap-0.76:1790514413038,btc-updown-15m-1790514000,Down,0.76,5.0,3.8,won,1.2,1,1,1,False,2026-09-27 15:06:53,Dim,15
btc-updown-15m-1790515800:Up:cheap-0.75:1790516106885,btc-updown-15m-1790515800,Up,0.75,5.0,3.75,lost,-3.75,0,1,1,False,2026-09-27 15:35:06,Dim,15
btc-updown-15m-1790517600:Down:cheap-0.76:1790517801180,btc-updown-15m-1790517600,Down,0.76,5.0,3.8,won,1.2,1,17,1,True,2026-09-27 16:03:21,Dim,16
btc-updown-15m-1790519400:Up:cheap-0.74:1790519602967,btc-updown-15m-1790519400,Up,0.74,5.0,3.7,won,1.3,1,17,2,True,2026-09-27 16:33:23,Dim,16
btc-updown-15m-1790521200:Down:cheap-0.76:1790521607906,btc-updown-15m-1790521200,Down,0.76,5.0,3.8,won,1.2,1,17,3,True,2026-09-27 17:06:47,Dim,17
btc-updown-15m-1790522100:Up:cheap-0.75:1790522300130,btc-updown-15m-1790522100,Up,0.75,5.0,3.75,won,1.25,1,17,4,True,2026-09-27 17:18:20,Dim,17
btc-updown-15m-1790523000:Down:cheap-0.68:1790523200831,btc-updown-15m-1790523000,Down,0.68,5.0,3.4,won,1.6,1,17,5,True,2026-09-27 17:33:20,Dim,17
btc-updown-15m-1790523900:Up:cheap-0.67:1790524103730,btc-updown-15m-1790523900,Up,0.67,5.0,3.35,won,1.65,1,17,6,True,2026-09-27 17:48:23,Dim,17
btc-updown-15m-1790525700:Up:cheap-0.73:1790526220515,btc-updown-15m-1790525700,Up,0.73,5.0,3.65,won,1.35,1,17,7,True,2026-09-27 18:23:40,Dim,18
btc-updown-15m-1790526600:Down:cheap-0.71:1790526801203,btc-updown-15m-1790526600,Down,0.71,5.0,3.55,won,1.45,1,17,8,True,2026-09-27 18:33:21,Dim,18
btc-updown-15m-1790527500:Up:cheap-0.72:1790527700800,btc-updown-15m-1790527500,Up,0.72,5.0,3.6,won,1.4,1,17,9,True,2026-09-27 18:48:20,Dim,18
btc-updown-15m-1790528400:Down:cheap-0.69:1790528816960,btc-updown-15m-1790528400,Down,0.69,5.0,3.45,won,1.55,1,17,10,True,2026-09-27 19:06:56,Dim,19
btc-updown-15m-1790529300:Up:cheap-0.73:1790529552774,btc-updown-15m-1790529300,Up,0.73,5.0,3.65,won,1.35,1,17,11,True,2026-09-27 19:19:12,Dim,19
btc-updown-15m-1790530200:Up:cheap-0.76:1790530420237,btc-updown-15m-1790530200,Up,0.76,5.0,3.8,won,1.2,1,17,12,True,2026-09-27 19:33:40,Dim,19
btc-updown-15m-1790532000:Up:cheap-0.67:1790532220356,btc-updown-15m-1790532000,Up,0.67,5.0,3.35,won,1.65,1,17,13,True,2026-09-27 20:03:40,Dim,20
btc-updown-15m-1790532900:Up:cheap-0.76:1790533124859,btc-updown-15m-1790532900,Up,0.76,5.0,3.8,won,1.2,1,17,14,True,2026-09-27 20:18:44,Dim,20
btc-updown-15m-1790533800:Up:cheap-0.67:1790534410937,btc-updown-15m-1790533800,Up,0.67,5.0,3.35,won,1.65,1,17,15,True,2026-09-27 20:40:10,Dim,20
btc-updown-15m-1790534700:Up:cheap-0.71:1790535069104,btc-updown-15m-1790534700,Up,0.71,5.0,3.55,won,1.45,1,17,16,True,2026-09-27 20:51:09,Dim,20
btc-updown-15m-1790535600:Down:cheap-0.76:1790536192344,btc-updown-15m-1790535600,Down,0.76,5.0,3.8,won,1.2,1,17,17,True,2026-09-27 21:09:52,Dim,21
btc-updown-15m-1790536500:Up:cheap-0.68:1790536746425,btc-updown-15m-1790536500,Up,0.68,5.0,3.4,lost,-3.4,0,3,1,False,2026-09-27 21:19:06,Dim,21
btc-updown-15m-1790537400:Down:cheap-0.67:1790537607261,btc-updown-15m-1790537400,Down,0.67,5.0,3.35,lost,-3.35,0,3,2,False,2026-09-27 21:33:27,Dim,21
btc-updown-15m-1790538300:Up:cheap-0.71:1790538633379,btc-updown-15m-1790538300,Up,0.71,5.0,3.55,lost,-3.55,0,3,3,False,2026-09-27 21:50:33,Dim,21
btc-updown-15m-1790547300:Up:cheap-0.76:1790547510204,btc-updown-15m-1790547300,Up,0.76,5.0,3.8,won,1.2,1,3,1,True,2026-09-28 00:18:30,Lun,0
btc-updown-15m-1790549100:Up:cheap-0.67:1790549525522,btc-updown-15m-1790549100,Up,0.67,5.0,3.35,won,1.65,1,3,2,True,2026-09-28 00:52:05,Lun,0
btc-updown-15m-1790550000:Up:cheap-0.72:1790550203460,btc-updown-15m-1790550000,Up,0.72,5.0,3.6,won,1.4,1,3,3,True,2026-09-28 01:03:23,Lun,1
btc-updown-15m-1790553600:Up:cheap-0.73:1790553943390,btc-updown-15m-1790553600,Up,0.73,5.0,3.65,lost,-3.65,0,2,1,False,2026-09-28 02:05:43,Lun,2
btc-updown-15m-1790556300:Up:cheap-0.73:1790556905435,btc-updown-15m-1790556300,Up,0.73,5.0,3.65,lost,-3.65,0,2,2,False,2026-09-28 02:55:05,Lun,2
btc-updown-15m-1790557200:Down:cheap-0.69:1790557791612,btc-updown-15m-1790557200,Down,0.69,5.0,3.45,won,1.55,1,3,1,True,2026-09-28 03:09:51,Lun,3
btc-updown-15m-1790558100:Up:cheap-0.76:1790558576028,btc-updown-15m-1790558100,Up,0.76,5.0,3.8,won,1.2,1,3,2,True,2026-09-28 03:22:56,Lun,3
btc-updown-15m-1790559000:Down:cheap-0.76:1790559373968,btc-updown-15m-1790559000,Down,0.76,5.0,3.8,won,1.2,1,3,3,True,2026-09-28 03:36:14,Lun,3
btc-updown-15m-1790559900:Up:cheap-0.69:1790560101141,btc-updown-15m-1790559900,Up,0.69,5.0,3.45,lost,-3.45,0,2,1,False,2026-09-28 03:48:21,Lun,3
btc-updown-15m-1790560800:Down:cheap-0.75:1790561040290,btc-updown-15m-1790560800,Down,0.75,5.0,3.75,lost,-3.75,0,2,2,False,2026-09-28 04:04:00,Lun,4
btc-updown-15m-1790561700:Down:cheap-0.75:1790561981140,btc-updown-15m-1790561700,Down,0.75,5.0,3.75,won,1.25,1,4,1,True,2026-09-28 04:19:41,Lun,4
btc-updown-15m-1790562600:Down:cheap-0.76:1790562929344,btc-updown-15m-1790562600,Down,0.76,5.0,3.8,won,1.2,1,4,2,True,2026-09-28 04:35:29,Lun,4
btc-updown-15m-1790563500:Down:cheap-0.71:1790563701058,btc-updown-15m-1790563500,Down,0.71,5.0,3.55,won,1.45,1,4,3,True,2026-09-28 04:48:21,Lun,4
btc-updown-15m-1790564400:Up:cheap-0.7:1790564610063,btc-updown-15m-1790564400,Up,0.7,5.0,3.5,won,1.5,1,4,4,True,2026-09-28 05:03:30,Lun,5
btc-updown-15m-1790565300:Up:cheap-0.68:1790565646748,btc-updown-15m-1790565300,Up,0.68,5.0,3.4,lost,-3.4,0,2,1,False,2026-09-28 05:20:46,Lun,5
btc-updown-15m-1790566200:Down:cheap-0.69:1790566400550,btc-updown-15m-1790566200,Down,0.69,5.0,3.45,lost,-3.45,0,2,2,False,2026-09-28 05:33:20,Lun,5
btc-updown-15m-1790567100:Down:cheap-0.67:1790567352433,btc-updown-15m-1790567100,Down,0.67,5.0,3.35,won,1.65,1,1,1,False,2026-09-28 05:49:12,Lun,5
btc-updown-15m-1790568000:Down:cheap-0.69:1790568200842,btc-updown-15m-1790568000,Down,0.69,5.0,3.45,lost,-3.45,0,1,1,False,2026-09-28 06:03:20,Lun,6
btc-updown-15m-1790568900:Up:cheap-0.69:1790569100951,btc-updown-15m-1790568900,Up,0.69,5.0,3.45,won,1.55,1,1,1,False,2026-09-28 06:18:20,Lun,6
btc-updown-15m-1790569800:Down:cheap-0.73:1790570000974,btc-updown-15m-1790569800,Down,0.73,5.0,3.65,lost,-3.65,0,2,1,False,2026-09-28 06:33:20,Lun,6
btc-updown-15m-1790570700:Down:cheap-0.76:1790570919390,btc-updown-15m-1790570700,Down,0.76,5.0,3.8,lost,-3.8,0,2,2,False,2026-09-28 06:48:39,Lun,6
btc-updown-15m-1790571600:Down:cheap-0.72:1790571912828,btc-updown-15m-1790571600,Down,0.72,5.0,3.6,won,1.4,1,6,1,True,2026-09-28 07:05:12,Lun,7
btc-updown-15m-1790572500:Down:cheap-0.72:1790572700463,btc-updown-15m-1790572500,Down,0.72,5.0,3.6,won,1.4,1,6,2,True,2026-09-28 07:18:20,Lun,7
btc-updown-15m-1790575200:Up:cheap-0.72:1790575744974,btc-updown-15m-1790575200,Up,0.72,5.0,3.6,won,1.4,1,6,3,True,2026-09-28 08:09:04,Lun,8
btc-updown-15m-1790576100:Down:cheap-0.72:1790576303354,btc-updown-15m-1790576100,Down,0.72,5.0,3.6,won,1.4,1,6,4,True,2026-09-28 08:18:23,Lun,8
btc-updown-15m-1790577000:Up:cheap-0.72:1790577200635,btc-updown-15m-1790577000,Up,0.72,5.0,3.6,won,1.4,1,6,5,True,2026-09-28 08:33:20,Lun,8
btc-updown-15m-1790577900:Down:cheap-0.67:1790578101413,btc-updown-15m-1790577900,Down,0.67,5.0,3.35,won,1.65,1,6,6,True,2026-09-28 08:48:21,Lun,8
btc-updown-15m-1790578800:Up:cheap-0.75:1790579046730,btc-updown-15m-1790578800,Up,0.75,5.0,3.75,lost,-3.75,0,1,1,False,2026-09-28 09:04:06,Lun,9
btc-updown-15m-1790580600:Down:cheap-0.72:1790581195318,btc-updown-15m-1790580600,Down,0.72,5.0,3.6,won,1.4,1,6,1,True,2026-09-28 09:39:55,Lun,9
btc-updown-15m-1790581500:Up:cheap-0.72:1790581752104,btc-updown-15m-1790581500,Up,0.72,5.0,3.6,won,1.4,1,6,2,True,2026-09-28 09:49:12,Lun,9
btc-updown-15m-1790582400:Up:cheap-0.74:1790582624594,btc-updown-15m-1790582400,Up,0.74,5.0,3.7,won,1.3,1,6,3,True,2026-09-28 10:03:44,Lun,10
btc-updown-15m-1790583300:Down:cheap-0.67:1790583520226,btc-updown-15m-1790583300,Down,0.67,5.0,3.35,won,1.65,1,6,4,True,2026-09-28 10:18:40,Lun,10
btc-updown-15m-1790584200:Up:cheap-0.76:1790584577674,btc-updown-15m-1790584200,Up,0.76,5.0,3.8,won,1.2,1,6,5,True,2026-09-28 10:36:17,Lun,10
btc-updown-15m-1790585100:Up:cheap-0.75:1790585300023,btc-updown-15m-1790585100,Up,0.75,5.0,3.75,won,1.25,1,6,6,True,2026-09-28 10:48:20,Lun,10
btc-updown-15m-1790586900:Up:cheap-0.74:1790587397452,btc-updown-15m-1790586900,Up,0.74,5.0,3.7,lost,-3.7,0,1,1,False,2026-09-28 11:23:17,Lun,11
btc-updown-15m-1790588700:Up:cheap-0.68:1790589276579,btc-updown-15m-1790588700,Up,0.68,5.0,3.4,won,1.6,1,4,1,True,2026-09-28 11:54:36,Lun,11
btc-updown-15m-1790589600:Up:cheap-0.7:1790590264480,btc-updown-15m-1790589600,Up,0.7,5.0,3.5,won,1.5,1,4,2,True,2026-09-28 12:11:04,Lun,12
btc-updown-15m-1790590500:Up:cheap-0.76:1790590705228,btc-updown-15m-1790590500,Up,0.76,5.0,3.8,won,1.2,1,4,3,True,2026-09-28 12:18:25,Lun,12
btc-updown-15m-1790591400:Up:cheap-0.67:1790591618633,btc-updown-15m-1790591400,Up,0.67,5.0,3.35,won,1.65,1,4,4,True,2026-09-28 12:33:38,Lun,12
btc-updown-15m-1790592300:Down:cheap-0.74:1790592500410,btc-updown-15m-1790592300,Down,0.74,5.0,3.7,lost,-3.7,0,1,1,False,2026-09-28 12:48:20,Lun,12
btc-updown-15m-1790593200:Up:cheap-0.67:1790593444102,btc-updown-15m-1790593200,Up,0.67,5.0,3.35,won,1.65,1,7,1,True,2026-09-28 13:04:04,Lun,13
btc-updown-15m-1790594100:Up:cheap-0.73:1790594300009,btc-updown-15m-1790594100,Up,0.73,5.0,3.65,won,1.35,1,7,2,True,2026-09-28 13:18:20,Lun,13
btc-updown-15m-1790595000:Up:cheap-0.74:1790595462534,btc-updown-15m-1790595000,Up,0.74,5.0,3.7,won,1.3,1,7,3,True,2026-09-28 13:37:42,Lun,13
btc-updown-15m-1790595900:Up:cheap-0.68:1790596680231,btc-updown-15m-1790595900,Up,0.68,5.0,3.4,won,1.6,1,7,4,True,2026-09-28 13:58:00,Lun,13
btc-updown-15m-1790597700:Up:cheap-0.67:1790597918544,btc-updown-15m-1790597700,Up,0.67,5.0,3.35,won,1.65,1,7,5,True,2026-09-28 14:18:38,Lun,14
btc-updown-15m-1790598600:Down:cheap-0.67:1790598814842,btc-updown-15m-1790598600,Down,0.67,5.0,3.35,won,1.65,1,7,6,True,2026-09-28 14:33:34,Lun,14
btc-updown-15m-1790601300:Up:cheap-0.67:1790601915997,btc-updown-15m-1790601300,Up,0.67,5.0,3.35,won,1.65,1,7,7,True,2026-09-28 15:25:16,Lun,15
btc-updown-15m-1790602200:Down:cheap-0.7:1790602401405,btc-updown-15m-1790602200,Down,0.7,5.0,3.5,lost,-3.5,0,3,1,False,2026-09-28 15:33:21,Lun,15
btc-updown-15m-1790603100:Up:cheap-0.68:1790603731019,btc-updown-15m-1790603100,Up,0.68,5.0,3.4,lost,-3.4,0,3,2,False,2026-09-28 15:55:31,Lun,15
btc-updown-15m-1790611200:Down:cheap-0.76:1790611402097,btc-updown-15m-1790611200,Down,0.76,5.0,3.8,lost,-3.8,0,3,3,False,2026-09-28 18:03:22,Lun,18
btc-updown-15m-1790614800:Up:cheap-0.73:1790615488225,btc-updown-15m-1790614800,Up,0.73,5.0,3.65,won,1.35,1,2,1,True,2026-09-28 19:11:28,Lun,19
btc-updown-15m-1790615700:Down:cheap-0.68:1790615909575,btc-updown-15m-1790615700,Down,0.68,5.0,3.4,won,1.6,1,2,2,True,2026-09-28 19:18:29,Lun,19
btc-updown-15m-1790616600:Down:cheap-0.71:1790617058971,btc-updown-15m-1790616600,Down,0.71,5.0,3.55,lost,-3.55,0,1,1,False,2026-09-28 19:37:38,Lun,19
btc-updown-15m-1790617500:Down:cheap-0.71:1790617700361,btc-updown-15m-1790617500,Down,0.71,5.0,3.55,won,1.45,1,10,1,True,2026-09-28 19:48:20,Lun,19
btc-updown-15m-1790618400:Up:cheap-0.68:1790618608656,btc-updown-15m-1790618400,Up,0.68,5.0,3.4,won,1.6,1,10,2,True,2026-09-28 20:03:28,Lun,20
btc-updown-15m-1790619300:Down:cheap-0.7:1790619501215,btc-updown-15m-1790619300,Down,0.7,5.0,3.5,won,1.5,1,10,3,True,2026-09-28 20:18:21,Lun,20
btc-updown-15m-1790620200:Down:cheap-0.74:1790620482912,btc-updown-15m-1790620200,Down,0.74,5.0,3.7,won,1.3,1,10,4,True,2026-09-28 20:34:42,Lun,20
btc-updown-15m-1790621100:Up:cheap-0.68:1790621316739,btc-updown-15m-1790621100,Up,0.68,5.0,3.4,won,1.6,1,10,5,True,2026-09-28 20:48:36,Lun,20
btc-updown-15m-1790622900:Down:cheap-0.69:1790623275448,btc-updown-15m-1790622900,Down,0.69,5.0,3.45,won,1.55,1,10,6,True,2026-09-28 21:21:15,Lun,21
btc-updown-15m-1790623800:Down:cheap-0.7:1790624000248,btc-updown-15m-1790623800,Down,0.7,5.0,3.5,won,1.5,1,10,7,True,2026-09-28 21:33:20,Lun,21
btc-updown-15m-1790624700:Up:cheap-0.76:1790625125288,btc-updown-15m-1790624700,Up,0.76,5.0,3.8,won,1.2,1,10,8,True,2026-09-28 21:52:05,Lun,21
btc-updown-15m-1790625600:Up:cheap-0.67:1790625875643,btc-updown-15m-1790625600,Up,0.67,5.0,3.35,won,1.65,1,10,9,True,2026-09-28 22:04:35,Lun,22
btc-updown-15m-1790626500:Down:cheap-0.75:1790626745856,btc-updown-15m-1790626500,Down,0.75,5.0,3.75,won,1.25,1,10,10,True,2026-09-28 22:19:05,Lun,22
btc-updown-15m-1790627400:Up:cheap-0.7:1790628004437,btc-updown-15m-1790627400,Up,0.7,5.0,3.5,lost,-3.5,0,2,1,False,2026-09-28 22:40:04,Lun,22
btc-updown-15m-1790628300:Down:cheap-0.67:1790628610184,btc-updown-15m-1790628300,Down,0.67,5.0,3.35,lost,-3.35,0,2,2,False,2026-09-28 22:50:10,Lun,22
btc-updown-15m-1790629200:Up:cheap-0.76:1790629424272,btc-updown-15m-1790629200,Up,0.76,5.0,3.8,won,1.2,1,7,1,True,2026-09-28 23:03:44,Lun,23
btc-updown-15m-1790630100:Down:cheap-0.74:1790630384992,btc-updown-15m-1790630100,Down,0.74,5.0,3.7,won,1.3,1,7,2,True,2026-09-28 23:19:44,Lun,23
btc-updown-15m-1790631000:Down:cheap-0.67:1790631501865,btc-updown-15m-1790631000,Down,0.67,5.0,3.35,won,1.65,1,7,3,True,2026-09-28 23:38:21,Lun,23
btc-updown-15m-1790631900:Down:cheap-0.67:1790632262041,btc-updown-15m-1790631900,Down,0.67,5.0,3.35,won,1.65,1,7,4,True,2026-09-28 23:51:02,Lun,23
btc-updown-15m-1790632800:Down:cheap-0.69:1790633140210,btc-updown-15m-1790632800,Down,0.69,5.0,3.45,won,1.55,1,7,5,True,2026-09-29 00:05:40,Mar,0
btc-updown-15m-1790633700:Up:cheap-0.7:1790634106496,btc-updown-15m-1790633700,Up,0.7,5.0,3.5,won,1.5,1,7,6,True,2026-09-29 00:21:46,Mar,0
btc-updown-15m-1790635500:Up:cheap-0.67:1790635761652,btc-updown-15m-1790635500,Up,0.67,5.0,3.35,won,1.65,1,7,7,True,2026-09-29 00:49:21,Mar,0
btc-updown-15m-1790636400:Up:cheap-0.7:1790636709314,btc-updown-15m-1790636400,Up,0.7,5.0,3.5,lost,-3.5,0,1,1,False,2026-09-29 01:05:09,Mar,1
btc-updown-15m-1790637300:Up:cheap-0.74:1790637500238,btc-updown-15m-1790637300,Up,0.74,5.0,3.7,won,1.3,1,3,1,True,2026-09-29 01:18:20,Mar,1
btc-updown-15m-1790638200:Up:cheap-0.71:1790638745254,btc-updown-15m-1790638200,Up,0.71,5.0,3.55,won,1.45,1,3,2,True,2026-09-29 01:39:05,Mar,1
btc-updown-15m-1790639100:Down:cheap-0.72:1790639300656,btc-updown-15m-1790639100,Down,0.72,5.0,3.6,won,1.4,1,3,3,True,2026-09-29 01:48:20,Mar,1
btc-updown-15m-1790640000:Down:cheap-0.67:1790640371000,btc-updown-15m-1790640000,Down,0.67,5.0,3.35,lost,-3.35,0,4,1,False,2026-09-29 02:06:11,Mar,2
btc-updown-15m-1790640900:Down:cheap-0.71:1790641717721,btc-updown-15m-1790640900,Down,0.71,5.0,3.55,lost,-3.55,0,4,2,False,2026-09-29 02:28:37,Mar,2
btc-updown-15m-1790641800:Up:cheap-0.68:1790642050347,btc-updown-15m-1790641800,Up,0.68,5.0,3.4,lost,-3.4,0,4,3,False,2026-09-29 02:34:10,Mar,2
btc-updown-15m-1790648100:Up:cheap-0.67:1790648382305,btc-updown-15m-1790648100,Up,0.67,5.0,3.35,lost,-3.35,0,4,4,False,2026-09-29 04:19:42,Mar,4
btc-updown-15m-1790656200:Down:cheap-0.73:1790656401425,btc-updown-15m-1790656200,Down,0.73,5.0,3.65,won,1.35,1,17,1,True,2026-09-29 06:33:21,Mar,6
btc-updown-15m-1790658000:Up:cheap-0.73:1790658200439,btc-updown-15m-1790658000,Up,0.73,5.0,3.65,won,1.35,1,17,2,True,2026-09-29 07:03:20,Mar,7
btc-updown-15m-1790658900:Up:cheap-0.71:1790659101081,btc-updown-15m-1790658900,Up,0.71,5.0,3.55,won,1.45,1,17,3,True,2026-09-29 07:18:21,Mar,7
btc-updown-15m-1790659800:Down:cheap-0.74:1790660668689,btc-updown-15m-1790659800,Down,0.74,5.0,3.7,won,1.3,1,17,4,True,2026-09-29 07:44:28,Mar,7
btc-updown-15m-1790660700:Up:cheap-0.68:1790660991865,btc-updown-15m-1790660700,Up,0.68,5.0,3.4,won,1.6,1,17,5,True,2026-09-29 07:49:51,Mar,7
btc-updown-15m-1790665200:Down:cheap-0.76:1790665415895,btc-updown-15m-1790665200,Down,0.76,5.0,3.8,won,1.2,1,17,6,True,2026-09-29 09:03:35,Mar,9
btc-updown-15m-1790666100:Up:cheap-0.73:1790666301622,btc-updown-15m-1790666100,Up,0.73,5.0,3.65,won,1.35,1,17,7,True,2026-09-29 09:18:21,Mar,9
btc-updown-15m-1790667000:Up:cheap-0.68:1790667206927,btc-updown-15m-1790667000,Up,0.68,5.0,3.4,won,1.6,1,17,8,True,2026-09-29 09:33:26,Mar,9
btc-updown-15m-1790671500:Down:cheap-0.73:1790671700144,btc-updown-15m-1790671500,Down,0.73,5.0,3.65,won,1.35,1,17,9,True,2026-09-29 10:48:20,Mar,10
btc-updown-15m-1790672400:Down:cheap-0.71:1790672600540,btc-updown-15m-1790672400,Down,0.71,5.0,3.55,won,1.45,1,17,10,True,2026-09-29 11:03:20,Mar,11
btc-updown-15m-1790673300:Up:cheap-0.67:1790673601915,btc-updown-15m-1790673300,Up,0.67,5.0,3.35,won,1.65,1,17,11,True,2026-09-29 11:20:01,Mar,11
btc-updown-15m-1790676000:Down:cheap-0.72:1790676549382,btc-updown-15m-1790676000,Down,0.72,5.0,3.6,won,1.4,1,17,12,True,2026-09-29 12:09:09,Mar,12
btc-updown-15m-1790677800:Down:cheap-0.7:1790678000116,btc-updown-15m-1790677800,Down,0.7,5.0,3.5,won,1.5,1,17,13,True,2026-09-29 12:33:20,Mar,12
btc-updown-15m-1790678700:Up:cheap-0.68:1790679065912,btc-updown-15m-1790678700,Up,0.68,5.0,3.4,won,1.6,1,17,14,True,2026-09-29 12:51:05,Mar,12
btc-updown-15m-1790679600:Down:cheap-0.67:1790679820731,btc-updown-15m-1790679600,Down,0.67,5.0,3.35,won,1.65,1,17,15,True,2026-09-29 13:03:40,Mar,13
btc-updown-15m-1790680500:Up:cheap-0.67:1790680717028,btc-updown-15m-1790680500,Up,0.67,5.0,3.35,won,1.65,1,17,16,True,2026-09-29 13:18:37,Mar,13
btc-updown-15m-1790682300:Up:cheap-0.75:1790682568918,btc-updown-15m-1790682300,Up,0.75,5.0,3.75,won,1.25,1,17,17,True,2026-09-29 13:49:28,Mar,13
btc-updown-15m-1790683200:Up:cheap-0.67:1790683478074,btc-updown-15m-1790683200,Up,0.67,5.0,3.35,lost,-3.35,0,2,1,False,2026-09-29 14:04:38,Mar,14
btc-updown-15m-1790684100:Up:cheap-0.73:1790684316148,btc-updown-15m-1790684100,Up,0.73,5.0,3.65,lost,-3.65,0,2,2,False,2026-09-29 14:18:36,Mar,14
btc-updown-15m-1790685000:Up:cheap-0.68:1790685219767,btc-updown-15m-1790685000,Up,0.68,5.0,3.4,won,1.6,1,2,1,True,2026-09-29 14:33:39,Mar,14
btc-updown-15m-1790685900:Down:cheap-0.69:1790686101267,btc-updown-15m-1790685900,Down,0.69,5.0,3.45,won,1.55,1,2,2,True,2026-09-29 14:48:21,Mar,14
btc-updown-15m-1790686800:Down:cheap-0.67:1790687027979,btc-updown-15m-1790686800,Down,0.67,5.0,3.35,lost,-3.35,0,4,1,False,2026-09-29 15:03:47,Mar,15
btc-updown-15m-1790687700:Up:cheap-0.67:1790688126186,btc-updown-15m-1790687700,Up,0.67,5.0,3.35,lost,-3.35,0,4,2,False,2026-09-29 15:22:06,Mar,15
btc-updown-15m-1790689500:Down:cheap-0.67:1790689727063,btc-updown-15m-1790689500,Down,0.67,5.0,3.35,lost,-3.35,0,4,3,False,2026-09-29 15:48:47,Mar,15
btc-updown-15m-1790697600:Up:cheap-0.76:1790697804731,btc-updown-15m-1790697600,Up,0.76,5.0,3.8,lost,-3.8,0,4,4,False,2026-09-29 18:03:24,Mar,18
btc-updown-15m-1790701200:Up:cheap-0.7:1790701511799,btc-updown-15m-1790701200,Up,0.7,5.0,3.5,won,1.5,1,7,1,True,2026-09-29 19:05:11,Mar,19
btc-updown-15m-1790702100:Down:cheap-0.68:1790702464740,btc-updown-15m-1790702100,Down,0.68,5.0,3.4,won,1.6,1,7,2,True,2026-09-29 19:21:04,Mar,19
btc-updown-15m-1790703000:Up:cheap-0.69:1790703200526,btc-updown-15m-1790703000,Up,0.69,5.0,3.45,won,1.55,1,7,3,True,2026-09-29 19:33:20,Mar,19
btc-updown-15m-1790703900:Down:cheap-0.68:1790704145951,btc-updown-15m-1790703900,Down,0.68,5.0,3.4,won,1.6,1,7,4,True,2026-09-29 19:49:05,Mar,19
btc-updown-15m-1790705700:Up:cheap-0.68:1790706095916,btc-updown-15m-1790705700,Up,0.68,5.0,3.4,won,1.6,1,7,5,True,2026-09-29 20:21:35,Mar,20
btc-updown-15m-1790706600:Up:cheap-0.76:1790706825151,btc-updown-15m-1790706600,Up,0.76,5.0,3.8,won,1.2,1,7,6,True,2026-09-29 20:33:45,Mar,20
btc-updown-15m-1790707500:Down:cheap-0.71:1790707701352,btc-updown-15m-1790707500,Down,0.71,5.0,3.55,won,1.45,1,7,7,True,2026-09-29 20:48:21,Mar,20
btc-updown-15m-1790708400:Up:cheap-0.69:1790708784971,btc-updown-15m-1790708400,Up,0.69,5.0,3.45,lost,-3.45,0,3,1,False,2026-09-29 21:06:24,Mar,21
btc-updown-15m-1790709300:Up:cheap-0.71:1790709515578,btc-updown-15m-1790709300,Up,0.71,5.0,3.55,lost,-3.55,0,3,2,False,2026-09-29 21:18:35,Mar,21
btc-updown-15m-1790710200:Up:cheap-0.73:1790710400774,btc-updown-15m-1790710200,Up,0.73,5.0,3.65,lost,-3.65,0,3,3,False,2026-09-29 21:33:20,Mar,21
btc-updown-15m-1790718300:Down:cheap-0.76:1790718753002,btc-updown-15m-1790718300,Down,0.76,5.0,3.8,won,1.2,1,3,1,True,2026-09-29 23:52:33,Mar,23
btc-updown-15m-1790719200:Up:cheap-0.76:1790719477854,btc-updown-15m-1790719200,Up,0.76,5.0,3.8,won,1.2,1,3,2,True,2026-09-30 00:04:37,Mer,0
btc-updown-15m-1790720100:Down:cheap-0.69:1790720426257,btc-updown-15m-1790720100,Down,0.69,5.0,3.45,won,1.55,1,3,3,True,2026-09-30 00:20:26,Mer,0
btc-updown-15m-1790721000:Down:cheap-0.67:1790721230875,btc-updown-15m-1790721000,Down,0.67,5.0,3.35,lost,-3.35,0,1,1,False,2026-09-30 00:33:50,Mer,0
btc-updown-15m-1790721900:Up:cheap-0.67:1790722304959,btc-updown-15m-1790721900,Up,0.67,5.0,3.35,won,1.65,1,4,1,True,2026-09-30 00:51:44,Mer,0
btc-updown-15m-1790723700:Down:cheap-0.67:1790723925556,btc-updown-15m-1790723700,Down,0.67,5.0,3.35,won,1.65,1,4,2,True,2026-09-30 01:18:45,Mer,1
btc-updown-15m-1790724600:Down:cheap-0.67:1790724820236,btc-updown-15m-1790724600,Down,0.67,5.0,3.35,won,1.65,1,4,3,True,2026-09-30 01:33:40,Mer,1
btc-updown-15m-1790725500:Up:cheap-0.69:1790725701164,btc-updown-15m-1790725500,Up,0.69,5.0,3.45,won,1.55,1,4,4,True,2026-09-30 01:48:21,Mer,1
btc-updown-15m-1790726400:Up:cheap-0.72:1790726607676,btc-updown-15m-1790726400,Up,0.72,5.0,3.6,lost,-3.6,0,4,1,False,2026-09-30 02:03:27,Mer,2
btc-updown-15m-1790727300:Down:cheap-0.75:1790727514191,btc-updown-15m-1790727300,Down,0.75,5.0,3.75,lost,-3.75,0,4,2,False,2026-09-30 02:18:34,Mer,2
btc-updown-15m-1790728200:Up:cheap-0.67:1790728498307,btc-updown-15m-1790728200,Up,0.67,5.0,3.35,lost,-3.35,0,4,3,False,2026-09-30 02:34:58,Mer,2
btc-updown-15m-1790736300:Up:cheap-0.75:1790736535158,btc-updown-15m-1790736300,Up,0.75,5.0,3.75,lost,-3.75,0,4,4,False,2026-09-30 04:48:55,Mer,4
btc-updown-15m-1790742600:Down:cheap-0.73:1790742800198,btc-updown-15m-1790742600,Down,0.73,5.0,3.65,won,1.35,1,4,1,True,2026-09-30 06:33:20,Mer,6
btc-updown-15m-1790743500:Down:cheap-0.67:1790743769194,btc-updown-15m-1790743500,Down,0.67,5.0,3.35,won,1.65,1,4,2,True,2026-09-30 06:49:29,Mer,6
btc-updown-15m-1790744400:Up:cheap-0.76:1790744723308,btc-updown-15m-1790744400,Up,0.76,5.0,3.8,won,1.2,1,4,3,True,2026-09-30 07:05:23,Mer,7
btc-updown-15m-1790745300:Up:cheap-0.7:1790745576701,btc-updown-15m-1790745300,Up,0.7,5.0,3.5,won,1.5,1,4,4,True,2026-09-30 07:19:36,Mer,7
btc-updown-15m-1790750700:Up:cheap-0.7:1790751327159,btc-updown-15m-1790750700,Up,0.7,5.0,3.5,lost,-3.5,0,1,1,False,2026-09-30 08:55:27,Mer,8
btc-updown-15m-1790751600:Down:cheap-0.67:1790751888358,btc-updown-15m-1790751600,Down,0.67,5.0,3.35,won,1.65,1,6,1,True,2026-09-30 09:04:48,Mer,9
btc-updown-15m-1790756100:Up:cheap-0.74:1790756404315,btc-updown-15m-1790756100,Up,0.74,5.0,3.7,won,1.3,1,6,2,True,2026-09-30 10:20:04,Mer,10
btc-updown-15m-1790757000:Down:cheap-0.74:1790757249529,btc-updown-15m-1790757000,Down,0.74,5.0,3.7,won,1.3,1,6,3,True,2026-09-30 10:34:09,Mer,10
btc-updown-15m-1790757900:Up:cheap-0.74:1790758116750,btc-updown-15m-1790757900,Up,0.74,5.0,3.7,won,1.3,1,6,4,True,2026-09-30 10:48:36,Mer,10
btc-updown-15m-1790759700:Up:cheap-0.68:1790760039622,btc-updown-15m-1790759700,Up,0.68,5.0,3.4,won,1.6,1,6,5,True,2026-09-30 11:20:39,Mer,11
btc-updown-15m-1790774100:Down:cheap-0.71:1790774508529,btc-updown-15m-1790774100,Down,0.71,21.12,15.0,won,6.12,1,6,6,True,2026-09-30 15:21:48,Mer,15
btc-updown-15m-1790775000:Up:cheap-0.72:1790775201080,btc-updown-15m-1790775000,Up,0.72,20.83,15.0,lost,-15.0,0,1,1,False,2026-09-30 15:33:21,Mer,15
btc-updown-15m-1790775900:Up:cheap-0.72:1790776101226,btc-updown-15m-1790775900,Up,0.72,20.83,15.0,won,5.83,1,3,1,True,2026-09-30 15:48:21,Mer,15
btc-updown-15m-1790863200:Down:cheap-0.71:1790863402119,btc-updown-15m-1790863200,Down,0.71,21.12,15.0,won,6.12,1,3,2,True,2026-10-01 16:03:22,Jeu,16
btc-updown-15m-1790864100:Up:cheap-0.84:1790864302962,btc-updown-15m-1790864100,Up,0.84,17.85,14.99,won,2.86,1,3,3,True,2026-10-01 16:18:22,Jeu,16
btc-updown-15m-1790865000:Up:cheap-0.7:1790865386115,btc-updown-15m-1790865000,Up,0.7,21.42,14.99,lost,-14.99,0,1,1,False,2026-10-01 16:36:26,Jeu,16
btc-updown-15m-1790865900:Down:cheap-0.74:1790866101188,btc-updown-15m-1790865900,Down,0.74,20.27,15.0,won,5.27,1,5,1,True,2026-10-01 16:48:21,Jeu,16
btc-updown-15m-1790866800:Up:cheap-0.71:1790867036795,btc-updown-15m-1790866800,Up,0.71,21.12,15.0,won,6.12,1,5,2,True,2026-10-01 17:03:56,Jeu,17
btc-updown-15m-1790867700:Up:cheap-0.8:1790867900711,btc-updown-15m-1790867700,Up,0.8,18.75,15.0,won,3.75,1,5,3,True,2026-10-01 17:18:20,Jeu,17
btc-updown-15m-1790868600:Down:cheap-0.85:1790868800160,btc-updown-15m-1790868600,Down,0.85,17.64,14.99,won,2.65,1,5,4,True,2026-10-01 17:33:20,Jeu,17
btc-updown-15m-1790870400:Up:cheap-0.77:1790870670429,btc-updown-15m-1790870400,Up,0.77,19.48,15.0,won,4.48,1,5,5,True,2026-10-01 18:04:30,Jeu,18
btc-updown-15m-1790871300:Up:cheap-0.68:1790871513980,btc-updown-15m-1790871300,Up,0.68,22.05,14.99,sold,-3.52,0,3,1,False,2026-10-01 18:18:34,Jeu,18
btc-updown-15m-1790872200:Up:cheap-0.7:1790872671119,btc-updown-15m-1790872200,Up,0.7,21.42,14.99,sold,-7.71,0,3,2,False,2026-10-01 18:37:51,Jeu,18
btc-updown-15m-1790873100:Up:cheap-0.69:1790873301436,btc-updown-15m-1790873100,Up,0.69,21.73,14.99,lost,-14.99,0,3,3,False,2026-10-01 18:48:21,Jeu,18
btc-updown-15m-1790881200:Down:cheap-0.72:1790881400638,btc-updown-15m-1790881200,Down,0.72,20.83,15.0,won,5.83,1,3,1,True,2026-10-01 21:03:20,Jeu,21
btc-updown-15m-1790882100:Down:cheap-0.67:1790882308314,btc-updown-15m-1790882100,Down,0.67,22.38,14.99,won,7.39,1,3,2,True,2026-10-01 21:18:28,Jeu,21
btc-updown-15m-1790883000:Up:cheap-0.76:1790883388652,btc-updown-15m-1790883000,Up,0.76,19.73,14.99,won,4.74,1,3,3,True,2026-10-01 21:36:28,Jeu,21
btc-updown-15m-1790883900:Down:cheap-0.71:1790884134523,btc-updown-15m-1790883900,Down,0.71,21.12,15.0,lost,-15.0,0,2,1,False,2026-10-01 21:48:54,Jeu,21
btc-updown-15m-1790885700:Up:cheap-0.69:1790886059382,btc-updown-15m-1790885700,Up,0.69,21.73,14.99,lost,-14.99,0,2,2,False,2026-10-01 22:20:59,Jeu,22
btc-updown-15m-1790886600:Down:cheap-0.67:1790886878923,btc-updown-15m-1790886600,Down,0.67,22.38,14.99,won,7.39,1,8,1,True,2026-10-01 22:34:38,Jeu,22
btc-updown-15m-1790887500:Up:cheap-0.67:1790887850958,btc-updown-15m-1790887500,Up,0.67,22.38,14.99,won,7.39,1,8,2,True,2026-10-01 22:50:50,Jeu,22
btc-updown-15m-1790888400:Up:cheap-0.71:1790888802434,btc-updown-15m-1790888400,Up,0.71,21.12,15.0,won,6.12,1,8,3,True,2026-10-01 23:06:42,Jeu,23
btc-updown-15m-1790889300:Down:cheap-0.67:1790889500229,btc-updown-15m-1790889300,Down,0.67,22.38,14.99,won,7.39,1,8,4,True,2026-10-01 23:18:20,Jeu,23
btc-updown-15m-1790890200:Down:cheap-0.68:1790890427940,btc-updown-15m-1790890200,Down,0.68,22.05,14.99,won,7.06,1,8,5,True,2026-10-01 23:33:47,Jeu,23
btc-updown-15m-1790891100:Up:cheap-0.76:1790891322084,btc-updown-15m-1790891100,Up,0.76,19.73,14.99,won,4.74,1,8,6,True,2026-10-01 23:48:42,Jeu,23
btc-updown-15m-1790892900:Down:cheap-0.67:1790893133377,btc-updown-15m-1790892900,Down,0.67,22.38,14.99,won,7.39,1,8,7,True,2026-10-02 00:18:53,Ven,0
btc-updown-15m-1790893800:Down:cheap-0.69:1790894002860,btc-updown-15m-1790893800,Down,0.69,21.73,14.99,won,6.74,1,8,8,True,2026-10-02 00:33:22,Ven,0
btc-updown-15m-1790894700:Down:cheap-0.67:1790894901436,btc-updown-15m-1790894700,Down,0.67,22.38,14.99,lost,-14.99,0,1,1,False,2026-10-02 00:48:21,Ven,0
btc-updown-15m-1790895600:Down:cheap-0.68:1790895928349,btc-updown-15m-1790895600,Down,0.68,22.05,14.99,won,7.06,1,2,1,True,2026-10-02 01:05:28,Ven,1
btc-updown-15m-1790897400:Up:cheap-0.7:1790897601229,btc-updown-15m-1790897400,Up,0.7,21.42,14.99,won,6.43,1,2,2,True,2026-10-02 01:33:21,Ven,1
btc-updown-15m-1790898300:Down:cheap-0.75:1790898500173,btc-updown-15m-1790898300,Down,0.75,20.0,15.0,lost,-15.0,0,1,1,False,2026-10-02 01:48:20,Ven,1
btc-updown-15m-1790899200:Up:cheap-0.7:1790899991564,btc-updown-15m-1790899200,Up,0.7,21.42,14.99,won,6.43,1,4,1,True,2026-10-02 02:13:11,Ven,2
btc-updown-15m-1790900100:Down:cheap-0.71:1790900472957,btc-updown-15m-1790900100,Down,0.71,21.12,15.0,won,6.12,1,4,2,True,2026-10-02 02:21:12,Ven,2
btc-updown-15m-1790902800:Down:cheap-0.77:1790903235051,btc-updown-15m-1790902800,Down,0.77,19.48,15.0,won,4.48,1,4,3,True,2026-10-02 03:07:15,Ven,3
btc-updown-15m-1790903700:Down:cheap-0.68:1790903972744,btc-updown-15m-1790903700,Down,0.68,22.05,14.99,won,7.06,1,4,4,True,2026-10-02 03:19:32,Ven,3
btc-updown-15m-1790908200:Down:cheap-0.67:1790908750158,btc-updown-15m-1790908200,Down,0.67,22.38,14.99,lost,-14.99,0,1,1,False,2026-10-02 04:39:10,Ven,4
btc-updown-15m-1790909100:Up:cheap-0.77:1790909300187,btc-updown-15m-1790909100,Up,0.77,19.48,15.0,won,4.48,1,4,1,True,2026-10-02 04:48:20,Ven,4
btc-updown-15m-1790910000:Up:cheap-0.74:1790910503853,btc-updown-15m-1790910000,Up,0.74,20.27,15.0,won,5.27,1,4,2,True,2026-10-02 05:08:23,Ven,5
btc-updown-15m-1790910900:Down:cheap-0.77:1790911100376,btc-updown-15m-1790910900,Down,0.77,19.48,15.0,won,4.48,1,4,3,True,2026-10-02 05:18:20,Ven,5
btc-updown-15m-1790911800:Up:cheap-0.77:1790912264536,btc-updown-15m-1790911800,Up,0.77,19.48,15.0,won,4.48,1,4,4,True,2026-10-02 05:37:44,Ven,5
btc-updown-15m-1790912700:Down:cheap-0.69:1790913068412,btc-updown-15m-1790912700,Down,0.69,21.73,14.99,lost,-14.99,0,2,1,False,2026-10-02 05:51:08,Ven,5
btc-updown-15m-1790913600:Up:cheap-0.75:1790913800544,btc-updown-15m-1790913600,Up,0.75,20.0,15.0,lost,-15.0,0,2,2,False,2026-10-02 06:03:20,Ven,6
btc-updown-15m-1790915400:Down:cheap-0.71:1790915600177,btc-updown-15m-1790915400,Down,0.71,21.12,15.0,won,6.12,1,6,1,True,2026-10-02 06:33:20,Ven,6
btc-updown-15m-1790916300:Up:cheap-0.71:1790916500523,btc-updown-15m-1790916300,Up,0.71,21.12,15.0,won,6.12,1,6,2,True,2026-10-02 06:48:20,Ven,6
btc-updown-15m-1790917200:Down:cheap-0.7:1790917476842,btc-updown-15m-1790917200,Down,0.7,21.42,14.99,won,6.43,1,6,3,True,2026-10-02 07:04:36,Ven,7
btc-updown-15m-1790918100:Down:cheap-0.69:1790918300824,btc-updown-15m-1790918100,Down,0.69,21.73,14.99,won,6.74,1,6,4,True,2026-10-02 07:18:20,Ven,7
btc-updown-15m-1790919000:Down:cheap-0.67:1790919309270,btc-updown-15m-1790919000,Down,0.67,22.38,14.99,won,7.39,1,6,5,True,2026-10-02 07:35:09,Ven,7
btc-updown-15m-1790919900:Down:cheap-0.73:1790920100639,btc-updown-15m-1790919900,Down,0.73,20.54,14.99,won,5.55,1,6,6,True,2026-10-02 07:48:20,Ven,7
btc-updown-15m-1790920800:Up:cheap-0.68:1790921010686,btc-updown-15m-1790920800,Up,0.68,22.05,14.99,lost,-14.99,0,1,1,False,2026-10-02 08:03:30,Ven,8
btc-updown-15m-1790921700:Up:cheap-0.72:1790921900821,btc-updown-15m-1790921700,Up,0.72,20.83,15.0,won,5.83,1,1,1,False,2026-10-02 08:18:20,Ven,8
btc-updown-15m-1790922600:Up:cheap-0.67:1790922838200,btc-updown-15m-1790922600,Up,0.67,22.38,14.99,lost,-14.99,0,1,1,False,2026-10-02 08:33:58,Ven,8
btc-updown-15m-1790923500:Up:cheap-0.69:1790923843722,btc-updown-15m-1790923500,Up,0.69,21.73,14.99,won,6.74,1,10,1,True,2026-10-02 08:50:43,Ven,8
btc-updown-15m-1790924400:Down:cheap-0.7:1790924600390,btc-updown-15m-1790924400,Down,0.7,21.42,14.99,won,6.43,1,10,2,True,2026-10-02 09:03:20,Ven,9
btc-updown-15m-1790925300:Down:cheap-0.68:1790925634892,btc-updown-15m-1790925300,Down,0.68,22.05,14.99,won,7.06,1,10,3,True,2026-10-02 09:20:34,Ven,9
btc-updown-15m-1790926200:Down:cheap-0.68:1790926403570,btc-updown-15m-1790926200,Down,0.68,22.05,14.99,won,7.06,1,10,4,True,2026-10-02 09:33:23,Ven,9
btc-updown-15m-1790927100:Up:cheap-0.76:1790927300533,btc-updown-15m-1790927100,Up,0.76,19.73,14.99,won,4.74,1,10,5,True,2026-10-02 09:48:20,Ven,9
btc-updown-15m-1790928900:Up:cheap-0.77:1790929429197,btc-updown-15m-1790928900,Up,0.77,19.48,15.0,won,4.48,1,10,6,True,2026-10-02 10:23:49,Ven,10
btc-updown-15m-1790929800:Down:cheap-0.69:1790930000358,btc-updown-15m-1790929800,Down,0.69,21.73,14.99,won,6.74,1,10,7,True,2026-10-02 10:33:20,Ven,10
btc-updown-15m-1790930700:Down:cheap-0.67:1790931005218,btc-updown-15m-1790930700,Down,0.67,22.38,14.99,won,7.39,1,10,8,True,2026-10-02 10:50:05,Ven,10
btc-updown-15m-1790931600:Down:cheap-0.72:1790931800138,btc-updown-15m-1790931600,Down,0.72,20.83,15.0,won,5.83,1,10,9,True,2026-10-02 11:03:20,Ven,11
btc-updown-15m-1790932500:Down:cheap-0.67:1790932936466,btc-updown-15m-1790932500,Down,0.67,22.38,14.99,won,7.39,1,10,10,True,2026-10-02 11:22:16,Ven,11
btc-updown-15m-1790934300:Down:cheap-0.72:1790934500288,btc-updown-15m-1790934300,Down,0.72,20.83,15.0,lost,-15.0,0,2,1,False,2026-10-02 11:48:20,Ven,11
btc-updown-15m-1790935200:Up:cheap-0.75:1790935465439,btc-updown-15m-1790935200,Up,0.75,20.0,15.0,lost,-15.0,0,2,2,False,2026-10-02 12:04:25,Ven,12
btc-updown-15m-1790936100:Up:cheap-0.69:1790936506906,btc-updown-15m-1790936100,Up,0.69,21.73,14.99,won,6.74,1,4,1,True,2026-10-02 12:21:46,Ven,12
btc-updown-15m-1790937000:Up:cheap-0.67:1790937264559,btc-updown-15m-1790937000,Up,0.67,22.38,14.99,won,7.39,1,4,2,True,2026-10-02 12:34:24,Ven,12
btc-updown-15m-1790937900:Down:cheap-0.67:1790938508805,btc-updown-15m-1790937900,Down,0.67,22.38,14.99,won,7.39,1,4,3,True,2026-10-02 12:55:08,Ven,12
btc-updown-15m-1790938800:Up:cheap-0.74:1790939051521,btc-updown-15m-1790938800,Up,0.74,20.27,15.0,won,5.27,1,4,4,True,2026-10-02 13:04:11,Ven,13
btc-updown-15m-1790939700:Up:cheap-0.67:1790939978968,btc-updown-15m-1790939700,Up,0.67,22.38,14.99,lost,-14.99,0,1,1,False,2026-10-02 13:19:38,Ven,13
btc-updown-15m-1790940600:Up:cheap-0.77:1790940825829,btc-updown-15m-1790940600,Up,0.77,19.48,15.0,won,4.48,1,1,1,False,2026-10-02 13:33:45,Ven,13
btc-updown-15m-1790941500:Up:cheap-0.69:1790941716320,btc-updown-15m-1790941500,Up,0.69,21.73,14.99,lost,-14.99,0,1,1,False,2026-10-02 13:48:36,Ven,13
btc-updown-15m-1790942400:Down:cheap-0.75:1790942600288,btc-updown-15m-1790942400,Down,0.75,20.0,15.0,won,5.0,1,1,1,False,2026-10-02 14:03:20,Ven,14
btc-updown-15m-1790944200:Up:cheap-0.74:1790944400387,btc-updown-15m-1790944200,Up,0.74,20.27,15.0,lost,-15.0,0,1,1,False,2026-10-02 14:33:20,Ven,14
btc-updown-15m-1790945100:Up:cheap-0.76:1790945407115,btc-updown-15m-1790945100,Up,0.76,19.73,14.99,won,4.74,1,1,1,False,2026-10-02 14:50:07,Ven,14
btc-updown-15m-1790946000:Up:cheap-0.67:1790946235233,btc-updown-15m-1790946000,Up,0.67,22.38,14.99,lost,-14.99,0,1,1,False,2026-10-02 15:03:55,Ven,15
btc-updown-15m-1790946900:Down:cheap-0.67:1790947505373,btc-updown-15m-1790946900,Down,0.67,22.38,14.99,won,7.39,1,2,1,True,2026-10-02 15:25:05,Ven,15
btc-updown-15m-1790948700:Down:cheap-0.67:1790948911801,btc-updown-15m-1790948700,Down,0.67,22.38,14.99,won,7.39,1,2,2,True,2026-10-02 15:48:31,Ven,15
btc-updown-15m-1790949600:Up:cheap-0.67:1790949811939,btc-updown-15m-1790949600,Up,0.67,22.38,14.99,lost,-14.99,0,2,1,False,2026-10-02 16:03:31,Ven,16
btc-updown-15m-1790950500:Up:cheap-0.73:1790950700968,btc-updown-15m-1790950500,Up,0.73,20.54,14.99,lost,-14.99,0,2,2,False,2026-10-02 16:18:20,Ven,16
btc-updown-15m-1790951400:Down:cheap-0.67:1790951605517,btc-updown-15m-1790951400,Down,0.67,22.38,14.99,won,7.39,1,1,1,False,2026-10-02 16:33:25,Ven,16
btc-updown-15m-1790952300:Up:cheap-0.67:1790952500022,btc-updown-15m-1790952300,Up,0.67,22.38,14.99,lost,-14.99,0,1,1,False,2026-10-02 16:48:20,Ven,16
btc-updown-15m-1790953200:Down:cheap-0.67:1790953427503,btc-updown-15m-1790953200,Down,0.67,22.38,14.99,won,7.39,1,3,1,True,2026-10-02 17:03:47,Ven,17
btc-updown-15m-1790954100:Down:cheap-0.67:1790954401534,btc-updown-15m-1790954100,Down,0.67,22.38,14.99,won,7.39,1,3,2,True,2026-10-02 17:20:01,Ven,17
btc-updown-15m-1790955000:Down:cheap-0.71:1790955490813,btc-updown-15m-1790955000,Down,0.71,21.12,15.0,won,6.12,1,3,3,True,2026-10-02 17:38:10,Ven,17
btc-updown-15m-1790955900:Up:cheap-0.71:1790956100741,btc-updown-15m-1790955900,Up,0.71,21.12,15.0,lost,-15.0,0,3,1,False,2026-10-02 17:48:20,Ven,17
btc-updown-15m-1790956800:Up:cheap-0.77:1790957004642,btc-updown-15m-1790956800,Up,0.77,19.48,15.0,lost,-15.0,0,3,2,False,2026-10-02 18:03:24,Ven,18
btc-updown-15m-1790957700:Up:cheap-0.74:1790957900860,btc-updown-15m-1790957700,Up,0.74,20.27,15.0,lost,-15.0,0,3,3,False,2026-10-02 18:18:20,Ven,18
btc-updown-15m-1790965800:Down:cheap-0.67:1790966010380,btc-updown-15m-1790965800,Down,0.67,22.38,14.99,won,7.39,1,3,1,True,2026-10-02 20:33:30,Ven,20
btc-updown-15m-1790966700:Up:cheap-0.68:1790966972957,btc-updown-15m-1790966700,Up,0.68,22.05,14.99,won,7.06,1,3,2,True,2026-10-02 20:49:32,Ven,20
btc-updown-15m-1790967600:Down:cheap-0.68:1790967800405,btc-updown-15m-1790967600,Down,0.68,22.05,14.99,won,7.06,1,3,3,True,2026-10-02 21:03:20,Ven,21
btc-updown-15m-1790968500:Down:cheap-0.77:1790968700665,btc-updown-15m-1790968500,Down,0.77,19.48,15.0,lost,-15.0,0,1,1,False,2026-10-02 21:18:20,Ven,21
btc-updown-15m-1790969400:Up:cheap-0.69:1790969779359,btc-updown-15m-1790969400,Up,0.69,21.73,14.99,won,6.74,1,3,1,True,2026-10-02 21:36:19,Ven,21
btc-updown-15m-1790970300:Up:cheap-0.67:1790970567112,btc-updown-15m-1790970300,Up,0.67,22.38,14.99,won,7.39,1,3,2,True,2026-10-02 21:49:27,Ven,21
btc-updown-15m-1790971200:Up:cheap-0.71:1790971400223,btc-updown-15m-1790971200,Up,0.71,21.12,15.0,won,6.12,1,3,3,True,2026-10-02 22:03:20,Ven,22
btc-updown-15m-1790972100:Up:cheap-0.75:1790972609370,btc-updown-15m-1790972100,Up,0.75,20.0,15.0,lost,-15.0,0,2,1,False,2026-10-02 22:23:29,Ven,22
btc-updown-15m-1790973000:Up:cheap-0.77:1790973204436,btc-updown-15m-1790973000,Up,0.77,19.48,15.0,lost,-15.0,0,2,2,False,2026-10-02 22:33:24,Ven,22
btc-updown-15m-1790973900:Up:cheap-0.77:1790974134631,btc-updown-15m-1790973900,Up,0.77,19.48,15.0,won,4.48,1,5,1,True,2026-10-02 22:48:54,Ven,22
btc-updown-15m-1790974800:Up:cheap-0.68:1790975015199,btc-updown-15m-1790974800,Up,0.68,22.05,14.99,won,7.06,1,5,2,True,2026-10-02 23:03:35,Ven,23
btc-updown-15m-1790975700:Down:cheap-0.71:1790976338447,btc-updown-15m-1790975700,Down,0.71,21.12,15.0,won,6.12,1,5,3,True,2026-10-02 23:25:38,Ven,23
btc-updown-15m-1790976600:Up:cheap-0.67:1790976969169,btc-updown-15m-1790976600,Up,0.67,22.38,14.99,won,7.39,1,5,4,True,2026-10-02 23:36:09,Ven,23
btc-updown-15m-1790977500:Up:cheap-0.67:1790977941288,btc-updown-15m-1790977500,Up,0.67,22.38,14.99,won,7.39,1,5,5,True,2026-10-02 23:52:21,Ven,23
btc-updown-15m-1790978400:Down:cheap-0.72:1790978680383,btc-updown-15m-1790978400,Down,0.72,20.83,15.0,lost,-15.0,0,3,1,False,2026-10-03 00:04:40,Sam,0
btc-updown-15m-1790979300:Up:cheap-0.68:1790979888419,btc-updown-15m-1790979300,Up,0.68,22.05,14.99,lost,-14.99,0,3,2,False,2026-10-03 00:24:48,Sam,0
btc-updown-15m-1790980200:Up:cheap-0.67:1790980511195,btc-updown-15m-1790980200,Up,0.67,22.38,14.99,lost,-14.99,0,3,3,False,2026-10-03 00:35:11,Sam,0
btc-updown-15m-1790981100:Up:cheap-0.67:1790981315012,btc-updown-15m-1790981100,Up,0.67,22.38,14.99,won,7.39,1,4,1,True,2026-10-03 00:48:35,Sam,0
btc-updown-15m-1790989200:Down:cheap-0.67:1790989400278,btc-updown-15m-1790989200,Down,0.67,22.38,14.99,won,7.39,1,4,2,True,2026-10-03 03:03:20,Sam,3
btc-updown-15m-1790990100:Down:cheap-0.67:1790990431419,btc-updown-15m-1790990100,Down,0.67,22.38,14.99,won,7.39,1,4,3,True,2026-10-03 03:20:31,Sam,3
btc-updown-15m-1790991000:Up:cheap-0.71:1790991200302,btc-updown-15m-1790991000,Up,0.71,21.12,15.0,won,6.12,1,4,4,True,2026-10-03 03:33:20,Sam,3
btc-updown-15m-1790991900:Down:cheap-0.7:1790992371645,btc-updown-15m-1790991900,Down,0.7,21.42,14.99,lost,-14.99,0,1,1,False,2026-10-03 03:52:51,Sam,3
btc-updown-15m-1790992800:Down:cheap-0.72:1790993198211,btc-updown-15m-1790992800,Down,0.72,20.83,15.0,won,5.83,1,4,1,True,2026-10-03 04:06:38,Sam,4
btc-updown-15m-1790993700:Up:cheap-0.76:1790993900338,btc-updown-15m-1790993700,Up,0.76,19.73,14.99,won,4.74,1,4,2,True,2026-10-03 04:18:20,Sam,4
btc-updown-15m-1790994600:Up:cheap-0.7:1790995182652,btc-updown-15m-1790994600,Up,0.7,21.42,14.99,won,6.43,1,4,3,True,2026-10-03 04:39:42,Sam,4
btc-updown-15m-1790995500:Down:cheap-0.77:1790995700640,btc-updown-15m-1790995500,Down,0.77,19.48,15.0,won,4.48,1,4,4,True,2026-10-03 04:48:20,Sam,4
btc-updown-15m-1790996400:Up:cheap-0.69:1790996605692,btc-updown-15m-1790996400,Up,0.69,21.73,14.99,lost,-14.99,0,1,1,False,2026-10-03 05:03:25,Sam,5
btc-updown-15m-1790998200:Up:cheap-0.72:1790998402599,btc-updown-15m-1790998200,Up,0.72,20.83,15.0,won,5.83,1,2,1,True,2026-10-03 05:33:22,Sam,5
btc-updown-15m-1790999100:Up:cheap-0.69:1790999300423,btc-updown-15m-1790999100,Up,0.69,21.73,14.99,won,6.74,1,2,2,True,2026-10-03 05:48:20,Sam,5
btc-updown-15m-1791000000:Up:cheap-0.71:1791000200520,btc-updown-15m-1791000000,Up,0.71,21.12,15.0,lost,-15.0,0,1,1,False,2026-10-03 06:03:20,Sam,6
btc-updown-15m-1791001800:Up:cheap-0.7:1791002000395,btc-updown-15m-1791001800,Up,0.7,21.42,14.99,won,6.43,1,6,1,True,2026-10-03 06:33:20,Sam,6
btc-updown-15m-1791002700:Up:cheap-0.76:1791003037241,btc-updown-15m-1791002700,Up,0.76,19.73,14.99,won,4.74,1,6,2,True,2026-10-03 06:50:37,Sam,6
btc-updown-15m-1791003600:Down:cheap-0.74:1791003800100,btc-updown-15m-1791003600,Down,0.74,20.27,15.0,won,5.27,1,6,3,True,2026-10-03 07:03:20,Sam,7
btc-updown-15m-1791004500:Up:cheap-0.75:1791004700402,btc-updown-15m-1791004500,Up,0.75,20.0,15.0,won,5.0,1,6,4,True,2026-10-03 07:18:20,Sam,7
btc-updown-15m-1791005400:Up:cheap-0.72:1791005600115,btc-updown-15m-1791005400,Up,0.72,20.83,15.0,won,5.83,1,6,5,True,2026-10-03 07:33:20,Sam,7
btc-updown-15m-1791006300:Up:cheap-0.67:1791006513424,btc-updown-15m-1791006300,Up,0.67,22.38,14.99,won,7.39,1,6,6,True,2026-10-03 07:48:33,Sam,7
btc-updown-15m-1791007200:Up:cheap-0.74:1791007400550,btc-updown-15m-1791007200,Up,0.74,20.27,15.0,lost,-15.0,0,1,1,False,2026-10-03 08:03:20,Sam,8
btc-updown-15m-1791008100:Up:cheap-0.68:1791008321364,btc-updown-15m-1791008100,Up,0.68,22.05,14.99,won,7.06,1,1,1,False,2026-10-03 08:18:41,Sam,8
btc-updown-15m-1791009000:Down:cheap-0.7:1791009364180,btc-updown-15m-1791009000,Down,0.7,21.42,14.99,lost,-14.99,0,1,1,False,2026-10-03 08:36:04,Sam,8
btc-updown-15m-1791009900:Down:cheap-0.69:1791010143969,btc-updown-15m-1791009900,Down,0.69,21.73,14.99,won,6.74,1,2,1,True,2026-10-03 08:49:03,Sam,8
btc-updown-15m-1791010800:Up:cheap-0.74:1791011150517,btc-updown-15m-1791010800,Up,0.74,20.27,15.0,won,5.27,1,2,2,True,2026-10-03 09:05:50,Sam,9
btc-updown-15m-1791011700:Down:cheap-0.67:1791012038005,btc-updown-15m-1791011700,Down,0.67,22.38,14.99,lost,-14.99,0,2,1,False,2026-10-03 09:20:38,Sam,9
btc-updown-15m-1791012600:Up:cheap-0.75:1791012800682,btc-updown-15m-1791012600,Up,0.75,20.0,15.0,lost,-15.0,0,2,2,False,2026-10-03 09:33:20,Sam,9
btc-updown-15m-1791013500:Up:cheap-0.68:1791013703649,btc-updown-15m-1791013500,Up,0.68,22.05,14.99,won,7.06,1,3,1,True,2026-10-03 09:48:23,Sam,9
btc-updown-15m-1791014400:Up:cheap-0.68:1791014649232,btc-updown-15m-1791014400,Up,0.68,22.05,14.99,won,7.06,1,3,2,True,2026-10-03 10:04:09,Sam,10
btc-updown-15m-1791015300:Down:cheap-0.69:1791015500468,btc-updown-15m-1791015300,Down,0.69,21.73,14.99,won,6.74,1,3,3,True,2026-10-03 10:18:20,Sam,10
btc-updown-15m-1791016200:Down:cheap-0.74:1791016400787,btc-updown-15m-1791016200,Down,0.74,20.27,15.0,lost,-15.0,0,2,1,False,2026-10-03 10:33:20,Sam,10
btc-updown-15m-1791017100:Up:cheap-0.67:1791017459278,btc-updown-15m-1791017100,Up,0.67,22.38,14.99,lost,-14.99,0,2,2,False,2026-10-03 10:50:59,Sam,10
btc-updown-15m-1791018000:Up:cheap-0.73:1791018202472,btc-updown-15m-1791018000,Up,0.73,20.54,14.99,won,5.55,1,4,1,True,2026-10-03 11:03:22,Sam,11
btc-updown-15m-1791018900:Down:cheap-0.7:1791019100197,btc-updown-15m-1791018900,Down,0.7,21.42,14.99,won,6.43,1,4,2,True,2026-10-03 11:18:20,Sam,11
btc-updown-15m-1791019800:Down:cheap-0.75:1791020169465,btc-updown-15m-1791019800,Down,0.75,20.0,15.0,won,5.0,1,4,3,True,2026-10-03 11:36:09,Sam,11
btc-updown-15m-1791020700:Up:cheap-0.67:1791021328755,btc-updown-15m-1791020700,Up,0.67,22.38,14.99,won,7.39,1,4,4,True,2026-10-03 11:55:28,Sam,11
btc-updown-15m-1791021600:Up:cheap-0.67:1791021881115,btc-updown-15m-1791021600,Up,0.67,22.38,14.99,lost,-14.99,0,3,1,False,2026-10-03 12:04:41,Sam,12
btc-updown-15m-1791022500:Down:cheap-0.67:1791022758459,btc-updown-15m-1791022500,Down,0.67,22.38,14.99,lost,-14.99,0,3,2,False,2026-10-03 12:19:18,Sam,12
btc-updown-15m-1791023400:Up:cheap-0.68:1791024060945,btc-updown-15m-1791023400,Up,0.68,22.05,14.99,lost,-14.99,0,3,3,False,2026-10-03 12:41:00,Sam,12
btc-updown-15m-1791031500:Up:cheap-0.68:1791031700320,btc-updown-15m-1791031500,Up,0.68,22.05,14.99,won,7.06,1,7,1,True,2026-10-03 14:48:20,Sam,14
btc-updown-15m-1791032400:Down:cheap-0.72:1791032600570,btc-updown-15m-1791032400,Down,0.72,20.83,15.0,won,5.83,1,7,2,True,2026-10-03 15:03:20,Sam,15
btc-updown-15m-1791033300:Down:cheap-0.77:1791033501244,btc-updown-15m-1791033300,Down,0.77,19.48,15.0,won,4.48,1,7,3,True,2026-10-03 15:18:21,Sam,15
btc-updown-15m-1791034200:Up:cheap-0.67:1791034425489,btc-updown-15m-1791034200,Up,0.67,22.38,14.99,won,7.39,1,7,4,True,2026-10-03 15:33:45,Sam,15
btc-updown-15m-1791035100:Up:cheap-0.68:1791035338921,btc-updown-15m-1791035100,Up,0.68,22.05,14.99,won,7.06,1,7,5,True,2026-10-03 15:48:58,Sam,15
btc-updown-15m-1791036900:Up:cheap-0.72:1791037235947,btc-updown-15m-1791036900,Up,0.72,20.83,15.0,won,5.83,1,7,6,True,2026-10-03 16:20:35,Sam,16
btc-updown-15m-1791037800:Down:cheap-0.77:1791038000048,btc-updown-15m-1791037800,Down,0.77,19.48,15.0,won,4.48,1,7,7,True,2026-10-03 16:33:20,Sam,16
btc-updown-15m-1791039600:Down:cheap-0.76:1791040096331,btc-updown-15m-1791039600,Down,0.76,19.73,14.99,lost,-14.99,0,1,1,False,2026-10-03 17:08:16,Sam,17
btc-updown-15m-1791040500:Up:cheap-0.67:1791040828123,btc-updown-15m-1791040500,Up,0.67,22.38,14.99,won,7.39,1,9,1,True,2026-10-03 17:20:28,Sam,17
btc-updown-15m-1791041400:Down:cheap-0.77:1791041602166,btc-updown-15m-1791041400,Down,0.77,19.48,15.0,won,4.48,1,9,2,True,2026-10-03 17:33:22,Sam,17
btc-updown-15m-1791042300:Up:cheap-0.67:1791042638883,btc-updown-15m-1791042300,Up,0.67,22.38,14.99,won,7.39,1,9,3,True,2026-10-03 17:50:38,Sam,17
btc-updown-15m-1791043200:Down:cheap-0.67:1791043400358,btc-updown-15m-1791043200,Down,0.67,22.38,14.99,won,7.39,1,9,4,True,2026-10-03 18:03:20,Sam,18
btc-updown-15m-1791044100:Down:cheap-0.68:1791044300183,btc-updown-15m-1791044100,Down,0.68,22.05,14.99,won,7.06,1,9,5,True,2026-10-03 18:18:20,Sam,18
btc-updown-15m-1791045000:Up:cheap-0.7:1791045205869,btc-updown-15m-1791045000,Up,0.7,21.42,14.99,won,6.43,1,9,6,True,2026-10-03 18:33:25,Sam,18
btc-updown-15m-1791045900:Up:cheap-0.69:1791046100511,btc-updown-15m-1791045900,Up,0.69,21.73,14.99,won,6.74,1,9,7,True,2026-10-03 18:48:20,Sam,18
btc-updown-15m-1791046800:Up:cheap-0.72:1791047106621,btc-updown-15m-1791046800,Up,0.72,20.83,15.0,won,5.83,1,9,8,True,2026-10-03 19:05:06,Sam,19
btc-updown-15m-1791047700:Up:cheap-0.77:1791047900789,btc-updown-15m-1791047700,Up,0.77,19.48,15.0,won,4.48,1,9,9,True,2026-10-03 19:18:20,Sam,19
btc-updown-15m-1791048600:Down:cheap-0.77:1791048892918,btc-updown-15m-1791048600,Down,0.77,19.48,15.0,lost,-15.0,0,2,1,False,2026-10-03 19:34:52,Sam,19
btc-updown-15m-1791049500:Down:cheap-0.75:1791049700683,btc-updown-15m-1791049500,Down,0.75,20.0,15.0,lost,-15.0,0,2,2,False,2026-10-03 19:48:20,Sam,19
btc-updown-15m-1791050400:Down:cheap-0.67:1791050670915,btc-updown-15m-1791050400,Down,0.67,22.38,14.99,won,7.39,1,1,1,False,2026-10-03 20:04:30,Sam,20
btc-updown-15m-1791051300:Down:cheap-0.7:1791051501051,btc-updown-15m-1791051300,Down,0.7,21.42,14.99,lost,-14.99,0,1,1,False,2026-10-03 20:18:21,Sam,20
btc-updown-15m-1791052200:Down:cheap-0.74:1791052400118,btc-updown-15m-1791052200,Down,0.74,20.27,15.0,won,5.27,1,1,1,False,2026-10-03 20:33:20,Sam,20
btc-updown-15m-1791053100:Down:cheap-0.68:1791053484182,btc-updown-15m-1791053100,Down,0.68,22.05,14.99,lost,-14.99,0,1,1,False,2026-10-03 20:51:24,Sam,20
btc-updown-15m-1791054900:Down:cheap-0.72:1791055179796,btc-updown-15m-1791054900,Down,0.72,20.83,15.0,won,5.83,1,2,1,True,2026-10-03 21:19:39,Sam,21
btc-updown-15m-1791055800:Down:cheap-0.75:1791056000319,btc-updown-15m-1791055800,Down,0.75,20.0,15.0,won,5.0,1,2,2,True,2026-10-03 21:33:20,Sam,21
btc-updown-15m-1791056700:Down:cheap-0.76:1791056900693,btc-updown-15m-1791056700,Down,0.76,19.73,14.99,lost,-14.99,0,1,1,False,2026-10-03 21:48:20,Sam,21
btc-updown-15m-1791057600:Up:cheap-0.71:1791057905430,btc-updown-15m-1791057600,Up,0.71,21.12,15.0,won,6.12,1,6,1,True,2026-10-03 22:05:05,Sam,22
btc-updown-15m-1791058500:Up:cheap-0.68:1791058783883,btc-updown-15m-1791058500,Up,0.68,22.05,14.99,won,7.06,1,6,2,True,2026-10-03 22:19:43,Sam,22
btc-updown-15m-1791059400:Down:cheap-0.67:1791059708991,btc-updown-15m-1791059400,Down,0.67,22.38,14.99,won,7.39,1,6,3,True,2026-10-03 22:35:08,Sam,22
btc-updown-15m-1791060300:Down:cheap-0.68:1791060546852,btc-updown-15m-1791060300,Down,0.68,22.05,14.99,won,7.06,1,6,4,True,2026-10-03 22:49:06,Sam,22
btc-updown-15m-1791061200:Down:cheap-0.71:1791061444378,btc-updown-15m-1791061200,Down,0.71,21.12,15.0,won,6.12,1,6,5,True,2026-10-03 23:04:04,Sam,23
btc-updown-15m-1791062100:Up:cheap-0.71:1791062344121,btc-updown-15m-1791062100,Up,0.71,21.12,15.0,won,6.12,1,6,6,True,2026-10-03 23:19:04,Sam,23
btc-updown-15m-1791063000:Up:cheap-0.67:1791063255009,btc-updown-15m-1791063000,Up,0.67,22.38,14.99,lost,-14.99,0,1,1,False,2026-10-03 23:34:15,Sam,23
btc-updown-15m-1791063900:Up:cheap-0.76:1791064106703,btc-updown-15m-1791063900,Up,0.76,19.73,14.99,won,4.74,1,3,1,True,2026-10-03 23:48:26,Sam,23
btc-updown-15m-1791064800:Up:cheap-0.67:1791065008738,btc-updown-15m-1791064800,Up,0.67,22.38,14.99,won,7.39,1,3,2,True,2026-10-04 00:03:28,Dim,0
btc-updown-15m-1791065700:Down:cheap-0.72:1791065900879,btc-updown-15m-1791065700,Down,0.72,20.83,15.0,won,5.83,1,3,3,True,2026-10-04 00:18:20,Dim,0
btc-updown-15m-1791066600:Down:cheap-0.68:1791067097447,btc-updown-15m-1791066600,Down,0.68,22.05,14.99,lost,-14.99,0,2,1,False,2026-10-04 00:38:17,Dim,0
btc-updown-15m-1791067500:Up:cheap-0.67:1791067898514,btc-updown-15m-1791067500,Up,0.67,22.38,14.99,lost,-14.99,0,2,2,False,2026-10-04 00:51:38,Dim,0
btc-updown-15m-1791068400:Down:cheap-0.71:1791068806488,btc-updown-15m-1791068400,Down,0.71,21.12,15.0,won,6.12,1,1,1,False,2026-10-04 01:06:46,Dim,1
btc-updown-15m-1791069300:Up:cheap-0.76:1791069749848,btc-updown-15m-1791069300,Up,0.76,19.73,14.99,lost,-14.99,0,1,1,False,2026-10-04 01:22:29,Dim,1
btc-updown-15m-1791070200:Up:cheap-0.68:1791070470721,btc-updown-15m-1791070200,Up,0.68,22.05,14.99,won,7.06,1,3,1,True,2026-10-04 01:34:30,Dim,1
btc-updown-15m-1791071100:Down:cheap-0.68:1791071408943,btc-updown-15m-1791071100,Down,0.68,22.05,14.99,won,7.06,1,3,2,True,2026-10-04 01:50:08,Dim,1
btc-updown-15m-1791072000:Up:cheap-0.68:1791072200557,btc-updown-15m-1791072000,Up,0.68,22.05,14.99,won,7.06,1,3,3,True,2026-10-04 02:03:20,Dim,2
btc-updown-15m-1791072900:Up:cheap-0.68:1791073201139,btc-updown-15m-1791072900,Up,0.68,22.05,14.99,lost,-14.99,0,4,1,False,2026-10-04 02:20:01,Dim,2
btc-updown-15m-1791073800:Up:cheap-0.68:1791074051549,btc-updown-15m-1791073800,Up,0.68,22.05,14.99,lost,-14.99,0,4,2,False,2026-10-04 02:34:11,Dim,2
btc-updown-15m-1791074700:Up:cheap-0.67:1791074980586,btc-updown-15m-1791074700,Up,0.67,22.38,14.99,lost,-14.99,0,4,3,False,2026-10-04 02:49:40,Dim,2
btc-updown-15m-1791075600:Up:cheap-0.76:1791076233706,btc-updown-15m-1791075600,Up,0.76,19.73,14.99,lost,-14.99,0,4,4,False,2026-10-04 03:10:33,Dim,3
btc-updown-15m-1791076500:Down:cheap-0.71:1791076700328,btc-updown-15m-1791076500,Down,0.71,21.12,15.0,won,6.12,1,5,1,True,2026-10-04 03:18:20,Dim,3
btc-updown-15m-1791077400:Up:cheap-0.67:1791077674592,btc-updown-15m-1791077400,Up,0.67,22.38,14.99,won,7.39,1,5,2,True,2026-10-04 03:34:34,Dim,3
btc-updown-15m-1791078300:Up:cheap-0.7:1791078712494,btc-updown-15m-1791078300,Up,0.7,21.42,14.99,won,6.43,1,5,3,True,2026-10-04 03:51:52,Dim,3
btc-updown-15m-1791079200:Up:cheap-0.75:1791079676736,btc-updown-15m-1791079200,Up,0.75,20.0,15.0,won,5.0,1,5,4,True,2026-10-04 04:07:56,Dim,4
btc-updown-15m-1791080100:Up:cheap-0.68:1791080552149,btc-updown-15m-1791080100,Up,0.68,22.05,14.99,won,7.06,1,5,5,True,2026-10-04 04:22:32,Dim,4
btc-updown-15m-1791081000:Up:cheap-0.67:1791081212592,btc-updown-15m-1791081000,Up,0.67,22.38,14.99,lost,-14.99,0,2,1,False,2026-10-04 04:33:32,Dim,4
btc-updown-15m-1791081900:Down:cheap-0.71:1791082100388,btc-updown-15m-1791081900,Down,0.71,21.12,15.0,lost,-15.0,0,2,2,False,2026-10-04 04:48:20,Dim,4
btc-updown-15m-1791082800:Up:cheap-0.67:1791083502195,btc-updown-15m-1791082800,Up,0.67,22.38,14.99,won,7.39,1,1,1,False,2026-10-04 05:11:42,Dim,5
btc-updown-15m-1791083700:Up:cheap-0.71:1791084143416,btc-updown-15m-1791083700,Up,0.71,21.12,15.0,lost,-15.0,0,1,1,False,2026-10-04 05:22:23,Dim,5
btc-updown-15m-1791084600:Up:cheap-0.75:1791084802834,btc-updown-15m-1791084600,Up,0.75,20.0,15.0,won,5.0,1,2,1,True,2026-10-04 05:33:22,Dim,5
btc-updown-15m-1791085500:Down:cheap-0.68:1791085744293,btc-updown-15m-1791085500,Down,0.68,22.05,14.99,won,7.06,1,2,2,True,2026-10-04 05:49:04,Dim,5
btc-updown-15m-1791086400:Up:cheap-0.7:1791086627353,btc-updown-15m-1791086400,Up,0.7,21.42,14.99,lost,-14.99,0,1,1,False,2026-10-04 06:03:47,Dim,6
btc-updown-15m-1791087300:Up:cheap-0.68:1791087604801,btc-updown-15m-1791087300,Up,0.68,22.05,14.99,won,7.06,1,1,1,False,2026-10-04 06:20:04,Dim,6
btc-updown-15m-1791088200:Down:cheap-0.69:1791088865325,btc-updown-15m-1791088200,Down,0.69,21.73,14.99,lost,-14.99,0,2,1,False,2026-10-04 06:41:05,Dim,6
btc-updown-15m-1791089100:Down:cheap-0.74:1791089763854,btc-updown-15m-1791089100,Down,0.74,20.27,15.0,lost,-15.0,0,2,2,False,2026-10-04 06:56:03,Dim,6
btc-updown-15m-1791097200:Down:cheap-0.69:1791097648913,btc-updown-15m-1791097200,Down,0.69,21.73,14.99,won,6.74,1,4,1,True,2026-10-04 09:07:28,Dim,9
btc-updown-15m-1791098100:Down:cheap-0.75:1791098563493,btc-updown-15m-1791098100,Down,0.75,20.0,15.0,won,5.0,1,4,2,True,2026-10-04 09:22:43,Dim,9
btc-updown-15m-1791099000:Down:cheap-0.67:1791099352569,btc-updown-15m-1791099000,Down,0.67,22.38,14.99,won,7.39,1,4,3,True,2026-10-04 09:35:52,Dim,9
btc-updown-15m-1791100800:Up:cheap-0.74:1791101013025,btc-updown-15m-1791100800,Up,0.74,20.27,15.0,won,5.27,1,4,4,True,2026-10-04 10:03:33,Dim,10
btc-updown-15m-1791101700:Down:cheap-0.75:1791101994823,btc-updown-15m-1791101700,Down,0.75,20.0,15.0,lost,-15.0,0,1,1,False,2026-10-04 10:19:54,Dim,10
btc-updown-15m-1791103500:Up:cheap-0.76:1791103700056,btc-updown-15m-1791103500,Up,0.76,19.73,14.99,won,4.74,1,1,1,False,2026-10-04 10:48:20,Dim,10
btc-updown-15m-1791104400:Down:cheap-0.76:1791104824369,btc-updown-15m-1791104400,Down,0.76,19.73,14.99,lost,-14.99,0,1,1,False,2026-10-04 11:07:04,Dim,11
btc-updown-15m-1791105300:Up:cheap-0.71:1791105518975,btc-updown-15m-1791105300,Up,0.71,21.12,15.0,won,6.12,1,1,1,False,2026-10-04 11:18:38,Dim,11
btc-updown-15m-1791106200:Down:cheap-0.68:1791106400367,btc-updown-15m-1791106200,Down,0.68,22.05,14.99,lost,-14.99,0,2,1,False,2026-10-04 11:33:20,Dim,11
btc-updown-15m-1791107100:Up:cheap-0.73:1791107300518,btc-updown-15m-1791107100,Up,0.73,20.54,14.99,lost,-14.99,0,2,2,False,2026-10-04 11:48:20,Dim,11
btc-updown-15m-1791108000:Up:cheap-0.67:1791108243864,btc-updown-15m-1791108000,Up,0.67,22.38,14.99,won,7.39,1,7,1,True,2026-10-04 12:04:03,Dim,12
btc-updown-15m-1791109800:Down:cheap-0.69:1791110009523,btc-updown-15m-1791109800,Down,0.69,21.73,14.99,won,6.74,1,7,2,True,2026-10-04 12:33:29,Dim,12
btc-updown-15m-1791110700:Down:cheap-0.67:1791111360812,btc-updown-15m-1791110700,Down,0.67,22.38,14.99,won,7.39,1,7,3,True,2026-10-04 12:56:00,Dim,12
btc-updown-15m-1791111600:Down:cheap-0.76:1791111817722,btc-updown-15m-1791111600,Down,0.76,19.73,14.99,won,4.74,1,7,4,True,2026-10-04 13:03:37,Dim,13
btc-updown-15m-1791112500:Up:cheap-0.68:1791112700313,btc-updown-15m-1791112500,Up,0.68,22.05,14.99,won,7.06,1,7,5,True,2026-10-04 13:18:20,Dim,13
btc-updown-15m-1791113400:Down:cheap-0.67:1791113718404,btc-updown-15m-1791113400,Down,0.67,22.38,14.99,won,7.39,1,7,6,True,2026-10-04 13:35:18,Dim,13
btc-updown-15m-1791114300:Up:cheap-0.67:1791114621987,btc-updown-15m-1791114300,Up,0.67,22.38,14.99,won,7.39,1,7,7,True,2026-10-04 13:50:21,Dim,13
btc-updown-15m-1791115200:Up:cheap-0.71:1791115410976,btc-updown-15m-1791115200,Up,0.71,21.12,15.0,lost,-15.0,0,1,1,False,2026-10-04 14:03:30,Dim,14
btc-updown-15m-1791116100:Up:cheap-0.67:1791116509052,btc-updown-15m-1791116100,Up,0.67,22.38,14.99,won,7.39,1,8,1,True,2026-10-04 14:21:49,Dim,14
btc-updown-15m-1791117000:Down:cheap-0.67:1791117364300,btc-updown-15m-1791117000,Down,0.67,22.38,14.99,won,7.39,1,8,2,True,2026-10-04 14:36:04,Dim,14
btc-updown-15m-1791118800:Up:cheap-0.72:1791119213179,btc-updown-15m-1791118800,Up,0.72,20.83,15.0,won,5.83,1,8,3,True,2026-10-04 15:06:53,Dim,15
btc-updown-15m-1791119700:Up:cheap-0.67:1791119901393,btc-updown-15m-1791119700,Up,0.67,22.38,14.99,won,7.39,1,8,4,True,2026-10-04 15:18:21,Dim,15
btc-updown-15m-1791120600:Up:cheap-0.74:1791120801599,btc-updown-15m-1791120600,Up,0.74,20.27,15.0,won,5.27,1,8,5,True,2026-10-04 15:33:21,Dim,15
btc-updown-15m-1791121500:Up:cheap-0.74:1791121701622,btc-updown-15m-1791121500,Up,0.74,20.27,15.0,won,5.27,1,8,6,True,2026-10-04 15:48:21,Dim,15
btc-updown-15m-1791122400:Down:cheap-0.68:1791122843893,btc-updown-15m-1791122400,Down,0.68,22.05,14.99,won,7.06,1,8,7,True,2026-10-04 16:07:23,Dim,16
btc-updown-15m-1791123300:Down:cheap-0.68:1791123513844,btc-updown-15m-1791123300,Down,0.68,22.05,14.99,won,7.06,1,8,8,True,2026-10-04 16:18:33,Dim,16
btc-updown-15m-1791124200:Up:cheap-0.68:1791124587774,btc-updown-15m-1791124200,Up,0.68,22.05,14.99,lost,-14.99,0,2,1,False,2026-10-04 16:36:27,Dim,16
btc-updown-15m-1791125100:Down:cheap-0.67:1791125306551,btc-updown-15m-1791125100,Down,0.67,22.38,14.99,lost,-14.99,0,2,2,False,2026-10-04 16:48:26,Dim,16
btc-updown-15m-1791126000:Up:cheap-0.72:1791126201237,btc-updown-15m-1791126000,Up,0.72,20.83,15.0,won,5.83,1,2,1,True,2026-10-04 17:03:21,Dim,17
btc-updown-15m-1791126900:Up:cheap-0.73:1791127101324,btc-updown-15m-1791126900,Up,0.73,20.54,14.99,won,5.55,1,2,2,True,2026-10-04 17:18:21,Dim,17
btc-updown-15m-1791127800:Down:cheap-0.67:1791128022866,btc-updown-15m-1791127800,Down,0.67,22.38,14.99,lost,-14.99,0,2,1,False,2026-10-04 17:33:42,Dim,17
btc-updown-15m-1791128700:Up:cheap-0.67:1791128905908,btc-updown-15m-1791128700,Up,0.67,22.38,14.99,lost,-14.99,0,2,2,False,2026-10-04 17:48:25,Dim,17
btc-updown-15m-1791129600:Down:cheap-0.8:1791130187103,btc-updown-15m-1791129600,Down,0.8,18.75,15.0,won,3.75,1,4,1,True,2026-10-04 18:09:47,Dim,18
btc-updown-15m-1791130500:Down:cheap-0.67:1791130870193,btc-updown-15m-1791130500,Down,0.67,22.38,14.99,won,7.39,1,4,2,True,2026-10-04 18:21:10,Dim,18
btc-updown-15m-1791131400:Up:cheap-0.76:1791131601220,btc-updown-15m-1791131400,Up,0.76,19.73,14.99,won,4.74,1,4,3,True,2026-10-04 18:33:21,Dim,18
btc-updown-15m-1791132300:Up:cheap-0.77:1791132621222,btc-updown-15m-1791132300,Up,0.77,19.48,15.0,won,4.48,1,4,4,True,2026-10-04 18:50:21,Dim,18
btc-updown-15m-1791133200:Up:cheap-0.68:1791133445127,btc-updown-15m-1791133200,Up,0.68,22.05,14.99,lost,-14.99,0,1,1,False,2026-10-04 19:04:05,Dim,19
btc-updown-15m-1791134100:Up:cheap-0.68:1791134416218,btc-updown-15m-1791134100,Up,0.68,22.05,14.99,won,7.06,1,2,1,True,2026-10-04 19:20:16,Dim,19
btc-updown-15m-1791135000:Up:cheap-0.71:1791135201196,btc-updown-15m-1791135000,Up,0.71,21.12,15.0,won,6.12,1,2,2,True,2026-10-04 19:33:21,Dim,19
btc-updown-15m-1791135900:Up:cheap-0.73:1791136101149,btc-updown-15m-1791135900,Up,0.73,20.54,14.99,lost,-14.99,0,2,1,False,2026-10-04 19:48:21,Dim,19
btc-updown-15m-1791136800:Up:cheap-0.67:1791137013024,btc-updown-15m-1791136800,Up,0.67,22.38,14.99,lost,-14.99,0,2,2,False,2026-10-04 20:03:33,Dim,20
btc-updown-15m-1791137700:Up:cheap-0.7:1791137945051,btc-updown-15m-1791137700,Up,0.7,21.42,14.99,won,6.43,1,5,1,True,2026-10-04 20:19:05,Dim,20
btc-updown-15m-1791138600:Up:cheap-0.68:1791139210411,btc-updown-15m-1791138600,Up,0.68,22.05,14.99,won,7.06,1,5,2,True,2026-10-04 20:40:10,Dim,20
btc-updown-15m-1791139500:Down:cheap-0.68:1791139744149,btc-updown-15m-1791139500,Down,0.68,22.05,14.99,won,7.06,1,5,3,True,2026-10-04 20:49:04,Dim,20
btc-updown-15m-1791140400:Up:cheap-0.74:1791140601566,btc-updown-15m-1791140400,Up,0.74,20.27,15.0,won,5.27,1,5,4,True,2026-10-04 21:03:21,Dim,21
btc-updown-15m-1791141300:Up:cheap-0.67:1791141657124,btc-updown-15m-1791141300,Up,0.67,22.38,14.99,won,7.39,1,5,5,True,2026-10-04 21:20:57,Dim,21
btc-updown-15m-1791142200:Up:cheap-0.77:1791142401539,btc-updown-15m-1791142200,Up,0.77,19.48,15.0,lost,-15.0,0,3,1,False,2026-10-04 21:33:21,Dim,21
btc-updown-15m-1791143100:Up:cheap-0.69:1791143361814,btc-updown-15m-1791143100,Up,0.69,21.73,14.99,lost,-14.99,0,3,2,False,2026-10-04 21:49:21,Dim,21
btc-updown-15m-1791144000:Down:cheap-0.68:1791144360940,btc-updown-15m-1791144000,Down,0.68,22.05,14.99,lost,-14.99,0,3,3,False,2026-10-04 22:06:00,Dim,22
btc-updown-15m-1791144900:Up:cheap-0.74:1791145101665,btc-updown-15m-1791144900,Up,0.74,20.27,15.0,won,5.27,1,8,1,True,2026-10-04 22:18:21,Dim,22
btc-updown-15m-1791145800:Up:cheap-0.75:1791146028658,btc-updown-15m-1791145800,Up,0.75,20.0,15.0,won,5.0,1,8,2,True,2026-10-04 22:33:48,Dim,22
btc-updown-15m-1791146700:Up:cheap-0.75:1791146902177,btc-updown-15m-1791146700,Up,0.75,20.0,15.0,won,5.0,1,8,3,True,2026-10-04 22:48:22,Dim,22
btc-updown-15m-1791147600:Up:cheap-0.67:1791147940437,btc-updown-15m-1791147600,Up,0.67,22.38,14.99,won,7.39,1,8,4,True,2026-10-04 23:05:40,Dim,23
btc-updown-15m-1791148500:Down:cheap-0.69:1791148814061,btc-updown-15m-1791148500,Down,0.69,21.73,14.99,won,6.74,1,8,5,True,2026-10-04 23:20:14,Dim,23
btc-updown-15m-1791149400:Up:cheap-0.67:1791149633837,btc-updown-15m-1791149400,Up,0.67,22.38,14.99,won,7.39,1,8,6,True,2026-10-04 23:33:53,Dim,23
btc-updown-15m-1791150300:Down:cheap-0.67:1791150572545,btc-updown-15m-1791150300,Down,0.67,22.38,14.99,won,7.39,1,8,7,True,2026-10-04 23:49:32,Dim,23
btc-updown-15m-1791151200:Up:cheap-0.8:1791151417535,btc-updown-15m-1791151200,Up,0.8,18.75,15.0,won,3.75,1,8,8,True,2026-10-05 00:03:37,Lun,0
btc-updown-15m-1791152100:Up:cheap-0.77:1791152891687,btc-updown-15m-1791152100,Up,0.77,19.48,15.0,lost,-15.0,0,1,1,False,2026-10-05 00:28:11,Lun,0
btc-updown-15m-1791153000:Up:cheap-0.7:1791153206578,btc-updown-15m-1791153000,Up,0.7,21.42,14.99,won,6.43,1,1,1,False,2026-10-05 00:33:26,Lun,0
btc-updown-15m-1791153900:Down:cheap-0.67:1791154128655,btc-updown-15m-1791153900,Down,0.67,22.38,14.99,lost,-14.99,0,1,1,False,2026-10-05 00:48:48,Lun,0
btc-updown-15m-1791154800:Up:cheap-0.67:1791155068312,btc-updown-15m-1791154800,Up,0.67,22.38,14.99,won,7.39,1,1,1,False,2026-10-05 01:04:28,Lun,1
btc-updown-15m-1791155700:Down:cheap-0.68:1791155931668,btc-updown-15m-1791155700,Down,0.68,22.05,14.99,lost,-14.99,0,1,1,False,2026-10-05 01:18:51,Lun,1
btc-updown-15m-1791156600:Down:cheap-0.7:1791156805477,btc-updown-15m-1791156600,Down,0.7,21.42,14.99,won,6.43,1,3,1,True,2026-10-05 01:33:25,Lun,1
btc-updown-15m-1791157500:Up:cheap-0.68:1791157816051,btc-updown-15m-1791157500,Up,0.68,22.05,14.99,won,7.06,1,3,2,True,2026-10-05 01:50:16,Lun,1
btc-updown-15m-1791158400:Down:cheap-0.8:1791158613529,btc-updown-15m-1791158400,Down,0.8,18.75,15.0,won,3.75,1,3,3,True,2026-10-05 02:03:33,Lun,2
btc-updown-15m-1791159300:Up:cheap-0.72:1791159501708,btc-updown-15m-1791159300,Up,0.72,20.83,15.0,lost,-15.0,0,2,1,False,2026-10-05 02:18:21,Lun,2
btc-updown-15m-1791160200:Down:cheap-0.67:1791160526350,btc-updown-15m-1791160200,Down,0.67,22.38,14.99,lost,-14.99,0,2,2,False,2026-10-05 02:35:26,Lun,2
btc-updown-15m-1791161100:Up:cheap-0.7:1791161481772,btc-updown-15m-1791161100,Up,0.7,21.42,14.99,won,6.43,1,4,1,True,2026-10-05 02:51:21,Lun,2
btc-updown-15m-1791162000:Down:cheap-0.79:1791162268547,btc-updown-15m-1791162000,Down,0.79,18.98,14.99,won,3.99,1,4,2,True,2026-10-05 03:04:28,Lun,3
btc-updown-15m-1791162900:Up:cheap-0.78:1791163101719,btc-updown-15m-1791162900,Up,0.78,19.23,15.0,won,4.23,1,4,3,True,2026-10-05 03:18:21,Lun,3
btc-updown-15m-1791164700:Down:cheap-0.67:1791165035364,btc-updown-15m-1791164700,Down,0.67,22.38,14.99,won,7.39,1,4,4,True,2026-10-05 03:50:35,Lun,3
btc-updown-15m-1791167400:Down:cheap-0.78:1791167601112,btc-updown-15m-1791167400,Down,0.78,19.23,15.0,lost,-15.0,0,1,1,False,2026-10-05 04:33:21,Lun,4
btc-updown-15m-1791168300:Down:cheap-0.71:1791168501561,btc-updown-15m-1791168300,Down,0.71,21.12,15.0,won,6.12,1,4,1,True,2026-10-05 04:48:21,Lun,4
btc-updown-15m-1791169200:Down:cheap-0.69:1791169484667,btc-updown-15m-1791169200,Down,0.69,21.73,14.99,won,6.74,1,4,2,True,2026-10-05 05:04:44,Lun,5
btc-updown-15m-1791170100:Down:cheap-0.69:1791170300801,btc-updown-15m-1791170100,Down,0.69,21.73,14.99,won,6.74,1,4,3,True,2026-10-05 05:18:20,Lun,5
btc-updown-15m-1791171000:Down:cheap-0.78:1791171207724,btc-updown-15m-1791171000,Down,0.78,19.23,15.0,won,4.23,1,4,4,True,2026-10-05 05:33:27,Lun,5
btc-updown-15m-1791171900:Up:cheap-0.68:1791172120078,btc-updown-15m-1791171900,Up,0.68,22.05,14.99,lost,-14.99,0,2,1,False,2026-10-05 05:48:40,Lun,5
btc-updown-15m-1791172800:Up:cheap-0.67:1791173195052,btc-updown-15m-1791172800,Up,0.67,22.38,14.99,lost,-14.99,0,2,2,False,2026-10-05 06:06:35,Lun,6
btc-updown-15m-1791173700:Down:cheap-0.77:1791173900561,btc-updown-15m-1791173700,Down,0.77,19.48,15.0,won,4.48,1,2,1,True,2026-10-05 06:18:20,Lun,6
btc-updown-15m-1791174600:Down:cheap-0.8:1791174820007,btc-updown-15m-1791174600,Down,0.8,18.75,15.0,won,3.75,1,2,2,True,2026-10-05 06:33:40,Lun,6
btc-updown-15m-1791175500:Up:cheap-0.68:1791175707006,btc-updown-15m-1791175500,Up,0.68,22.05,14.99,lost,-14.99,0,1,1,False,2026-10-05 06:48:27,Lun,6
btc-updown-15m-1791176400:Down:cheap-0.68:1791176623153,btc-updown-15m-1791176400,Down,0.68,22.05,14.99,won,7.06,1,1,1,False,2026-10-05 07:03:43,Lun,7
btc-updown-15m-1791177300:Down:cheap-0.68:1791177500428,btc-updown-15m-1791177300,Down,0.68,22.05,14.99,lost,-14.99,0,1,1,False,2026-10-05 07:18:20,Lun,7
btc-updown-15m-1791178200:Up:cheap-0.68:1791178443341,btc-updown-15m-1791178200,Up,0.68,22.05,14.99,won,7.06,1,1,1,False,2026-10-05 07:34:03,Lun,7
btc-updown-15m-1791179100:Down:cheap-0.68:1791179300540,btc-updown-15m-1791179100,Down,0.68,22.05,14.99,lost,-14.99,0,1,1,False,2026-10-05 07:48:20,Lun,7
btc-updown-15m-1791180000:Up:cheap-0.8:1791180343324,btc-updown-15m-1791180000,Up,0.8,18.75,15.0,won,3.75,1,1,1,False,2026-10-05 08:05:43,Lun,8
btc-updown-15m-1791180900:Up:cheap-0.8:1791181100354,btc-updown-15m-1791180900,Up,0.8,18.75,15.0,lost,-15.0,0,1,1,False,2026-10-05 08:18:20,Lun,8
btc-updown-15m-1791181800:Down:cheap-0.7:1791182026828,btc-updown-15m-1791181800,Down,0.7,21.42,14.99,won,6.43,1,2,1,True,2026-10-05 08:33:46,Lun,8
btc-updown-15m-1791183600:Up:cheap-0.67:1791184082434,btc-updown-15m-1791183600,Up,0.67,22.38,14.99,won,7.39,1,2,2,True,2026-10-05 09:08:02,Lun,9
btc-updown-15m-1791184500:Up:cheap-0.75:1791184700895,btc-updown-15m-1791184500,Up,0.75,20.0,15.0,lost,-15.0,0,2,1,False,2026-10-05 09:18:20,Lun,9
btc-updown-15m-1791185400:Down:cheap-0.68:1791185778905,btc-updown-15m-1791185400,Down,0.68,22.05,14.99,lost,-14.99,0,2,2,False,2026-10-05 09:36:18,Lun,9
btc-updown-15m-1791186300:Down:cheap-0.67:1791186500222,btc-updown-15m-1791186300,Down,0.67,22.38,14.99,won,7.39,1,1,1,False,2026-10-05 09:48:20,Lun,9
btc-updown-15m-1791188100:Down:cheap-0.68:1791188300555,btc-updown-15m-1791188100,Down,0.68,22.05,14.99,lost,-14.99,0,1,1,False,2026-10-05 10:18:20,Lun,10
btc-updown-15m-1791189000:Down:cheap-0.78:1791189256834,btc-updown-15m-1791189000,Down,0.78,19.23,15.0,won,4.23,1,9,1,True,2026-10-05 10:34:16,Lun,10
btc-updown-15m-1791189900:Down:cheap-0.8:1791190144357,btc-updown-15m-1791189900,Down,0.8,18.75,15.0,won,3.75,1,9,2,True,2026-10-05 10:49:04,Lun,10
btc-updown-15m-1791190800:Down:cheap-0.67:1791191000514,btc-updown-15m-1791190800,Down,0.67,22.38,14.99,won,7.39,1,9,3,True,2026-10-05 11:03:20,Lun,11
btc-updown-15m-1791191700:Down:cheap-0.8:1791191972803,btc-updown-15m-1791191700,Down,0.8,18.75,15.0,won,3.75,1,9,4,True,2026-10-05 11:19:32,Lun,11
btc-updown-15m-1791192600:Up:cheap-0.68:1791193074722,btc-updown-15m-1791192600,Up,0.68,22.05,14.99,won,7.06,1,9,5,True,2026-10-05 11:37:54,Lun,11
btc-updown-15m-1791193500:Up:cheap-0.68:1791193784893,btc-updown-15m-1791193500,Up,0.68,22.05,14.99,won,7.06,1,9,6,True,2026-10-05 11:49:44,Lun,11
btc-updown-15m-1791194400:Up:cheap-0.71:1791194600818,btc-updown-15m-1791194400,Up,0.71,21.12,15.0,won,6.12,1,9,7,True,2026-10-05 12:03:20,Lun,12
btc-updown-15m-1791195300:Up:cheap-0.74:1791195500679,btc-updown-15m-1791195300,Up,0.74,20.27,15.0,won,5.27,1,9,8,True,2026-10-05 12:18:20,Lun,12
btc-updown-15m-1791196200:Down:cheap-0.71:1791196434932,btc-updown-15m-1791196200,Down,0.71,21.12,15.0,won,6.12,1,9,9,True,2026-10-05 12:33:54,Lun,12
